,ds,y
0,2018-01-01,13432.918
1,2018-01-02,14746.112
2,2018-01-03,15101.994
3,2018-01-04,15154.76
4,2018-01-05,16949.879999999994
5,2018-01-06,17117.4425
6,2018-01-07,16158.133999999998
7,2018-01-08,14965.174
8,2018-01-09,14445.22
9,2018-01-10,14900.742000000002
10,2018-01-11,13268.79
11,2018-01-12,13782.484
12,2018-01-13,14233.503333333332
13,2018-01-14,13587.838333333331
14,2018-01-15,13567.566666666668
15,2018-01-16,11228.081666666669
16,2018-01-17,11097.348333333332
17,2018-01-18,11150.153333333335
18,2018-01-19,11519.118333333332
19,2018-01-20,12777.483333333332
20,2018-01-21,11529.506666666668
21,2018-01-22,10787.840000000002
22,2018-01-23,10819.316666666668
23,2018-01-24,11376.668333333331
24,2018-01-25,11157.056666666664
25,2018-01-26,11086.44
26,2018-01-27,11420.443333333336
27,2018-01-28,11733.851666666667
28,2018-01-29,11193.161280896667
29,2018-01-30,10092.391666666668
30,2018-01-31,10194.67960379
31,2018-02-01,9120.283333333333
32,2018-02-02,8843.308333333332
33,2018-02-03,9206.75
34,2018-02-04,8173.251666666668
35,2018-02-05,6905.048333333332
36,2018-02-06,7684.926666666666
37,2018-02-07,7584.878333333332
38,2018-02-08,8245.16
39,2018-02-09,8686.098000000002
40,2018-02-10,8550.496000000001
41,2018-02-11,8066.9749999999985
42,2018-02-12,8896.201666666668
43,2018-02-13,8523.936666666666
44,2018-02-14,9462.591666666667
45,2018-02-15,10013.813333333334
46,2018-02-16,10174.495
47,2018-02-17,11079.026666666668
48,2018-02-18,10400.468333333332
49,2018-02-19,11158.85
50,2018-02-20,11223.739999999998
51,2018-02-21,10450.493333333334
52,2018-02-22,9829.346666666666
53,2018-02-23,10149.758333333331
54,2018-02-24,9684.395
55,2018-02-25,9586.57
56,2018-02-26,10319.181666666664
57,2018-02-27,10566.4373395
58,2018-02-28,10320.103333333333
59,2018-03-01,10911.281666666666
60,2018-03-02,11026.138333333334
61,2018-03-03,11447.826666666666
62,2018-03-04,11497.553333333335
63,2018-03-05,11426.441666666666
64,2018-03-06,10721.193333333336
65,2018-03-07,9906.75
66,2018-03-08,9287.645
67,2018-03-09,9232.116666666669
68,2018-03-10,8776.88
69,2018-03-11,9529.255
70,2018-03-12,9124.426666666666
71,2018-03-13,9142.436666666666
72,2018-03-14,8187.386666666665
73,2018-03-15,8251.145
74,2018-03-16,8259.246666666668
75,2018-03-17,7846.625
76,2018-03-18,8187.271666666666
77,2018-03-19,8602.723333333335
78,2018-03-20,8903.89
79,2018-03-21,8889.4
80,2018-03-22,8713.391666666668
81,2018-03-23,8912.130003131666
82,2018-03-24,8533.811666666666
83,2018-03-25,8454.44
84,2018-03-26,8139.815
85,2018-03-27,7789.735
86,2018-03-28,7942.018333333333
87,2018-03-29,7086.77
88,2018-03-30,6839.368333333333
89,2018-03-31,6924.745
90,2018-04-01,6813.906
91,2018-04-02,7053.421666666666
92,2018-04-03,7412.101666666666
93,2018-04-04,6793.8533333333335
94,2018-04-05,6771.8983333333335
95,2018-04-06,6613.02
96,2018-04-07,6896.718333333334
97,2018-04-08,7020.483333333333
98,2018-04-09,6775.173333333332
99,2018-04-10,6834.361666666668
100,2018-04-11,6946.2
101,2018-04-12,7919.88
102,2018-04-13,7885.111666666668
103,2018-04-14,8001.738333333334
104,2018-04-15,8354.616666666667
105,2018-04-16,8056.621666666666
106,2018-04-17,7890.336666666666
107,2018-04-18,8167.866666666666
108,2018-04-19,8276.511428571428
109,2018-04-20,8863.909999999998
110,2018-04-21,8921.423333333332
111,2018-04-22,8794.916666666666
112,2018-04-23,8941.486666666666
113,2018-04-24,9640.841428571428
114,2018-04-25,8864.435714285715
115,2018-04-26,9276.526666666668
116,2018-04-27,8919.373333333335
117,2018-04-28,9338.44
118,2018-04-29,9402.64
119,2018-04-30,9243.162
120,2018-05-01,9067.295
121,2018-05-02,9217.468333333332
122,2018-05-03,9731.291666666666
123,2018-05-04,9697.472
124,2018-05-05,9828.696
125,2018-05-06,9634.301666666668
126,2018-05-07,9363.56
127,2018-05-08,9179.028333333334
128,2018-05-09,9310.181666666667
129,2018-05-10,9012.643333333332
130,2018-05-11,8402.368571428571
131,2018-05-12,8472.811666666666
132,2018-05-13,8686.846666666666
133,2018-05-14,8666.883333333333
134,2018-05-15,8470.335714285713
135,2018-05-16,8339.097142857143
136,2018-05-17,8060.957142857143
137,2018-05-18,8238.998333333335
138,2018-05-19,8233.92
139,2018-05-20,8522.39
140,2018-05-21,8391.259999999998
141,2018-05-22,7988.731428571428
142,2018-05-23,7509.090000000001
143,2018-05-24,7578.803333333332
144,2018-05-25,7466.4057142857155
145,2018-05-26,7334.702857142856
146,2018-05-27,7347.295714285714
147,2018-05-28,7102.583333333332
148,2018-05-29,7466.598571428571
149,2018-05-30,7377.885142178334
150,2018-05-31,7487.978333333333
151,2018-06-01,7514.688333333333
152,2018-06-02,7638.420000000001
153,2018-06-03,7712.753333333334
154,2018-06-04,7488.867142857143
155,2018-06-05,7620.281666666668
156,2018-06-06,7656.511666666666
157,2018-06-07,7688.701428571429
158,2018-06-08,7614.444285714286
159,2018-06-09,7493.748333333332
160,2018-06-10,6770.8
161,2018-06-11,6875.646666666667
162,2018-06-12,6549.807142857142
163,2018-06-13,6303.464285714284
164,2018-06-14,6638.815999999999
165,2018-06-15,6387.595
166,2018-06-16,6488.215
167,2018-06-17,6444.544
168,2018-06-18,6708.897999999999
169,2018-06-19,6739.761428571428
170,2018-06-20,6758.395
171,2018-06-21,6717.355000000001
172,2018-06-22,6048.45
173,2018-06-23,6160.694608176666
174,2018-06-24,6146.483176600001
175,2018-06-25,6249.798333333332
176,2018-06-26,6074.444285714286
177,2018-06-27,6134.325336430001
178,2018-06-28,5857.03
179,2018-06-29,6201.488333333334
180,2018-06-30,6388.089999999998
181,2018-07-01,6351.2750000000015
182,2018-07-02,6614.803333333332
183,2018-07-03,6506.349999999999
184,2018-07-04,6587.54
185,2018-07-05,6531.751666666666
186,2018-07-06,6601.148571428572
187,2018-07-07,6752.501428571428
188,2018-07-08,6704.184285714286
189,2018-07-09,6661.478571428573
190,2018-07-10,6302.410000000002
191,2018-07-11,6379.651666666667
192,2018-07-12,6246.136
193,2018-07-13,6216.3966666666665
194,2018-07-14,6249.379999999997
195,2018-07-15,6349.303333333332
196,2018-07-16,6727.0828571428565
197,2018-07-17,7312.61
198,2018-07-18,7367.684285714286
199,2018-07-19,7465.747142857143
200,2018-07-20,7332.84142857143
201,2018-07-21,7402.391666666666
202,2018-07-22,7398.425999999998
203,2018-07-23,7719.282857142856
204,2018-07-24,8398.134285714286
205,2018-07-25,8168.461428571428
206,2018-07-26,7929.116666666666
207,2018-07-27,8183.876666666666
208,2018-07-28,8226.177142857143
209,2018-07-29,8215.581666666667
210,2018-07-30,8171.445
211,2018-07-31,7727.206704401429
212,2018-08-01,7603.258333333334
213,2018-08-02,7532.223333333333
214,2018-08-03,7417.151666666667
215,2018-08-04,7011.6109424883325
216,2018-08-05,7027.215
217,2018-08-06,6936.352857142856
218,2018-08-07,6718.636666666667
219,2018-08-08,6281.433333333333
220,2018-08-09,6536.217142857144
221,2018-08-10,6143.998333333332
222,2018-08-11,6232.740000000002
223,2018-08-12,6314.16857142857
224,2018-08-13,6250.743333333335
225,2018-08-14,6190.900000000002
226,2018-08-15,6268.8983333333335
227,2018-08-16,6315.113333333334
228,2018-08-17,6584.23
229,2018-08-18,6395.313333333333
230,2018-08-19,6482.234
231,2018-08-20,6258.938571428572
232,2018-08-21,6477.348571428572
233,2018-08-22,6360.0183333333325
234,2018-08-23,6526.028333333333
235,2018-08-24,6689.173333333335
236,2018-08-25,6733.795000000001
237,2018-08-26,6704.414285714284
238,2018-08-27,6908.7800000000025
239,2018-08-28,7076.91857142857
240,2018-08-29,7031.437142857142
241,2018-08-30,6984.155714285716
242,2018-08-31,7014.175000000002
243,2018-09-01,7195.1883333333335
244,2018-09-02,7297.526666666667
245,2018-09-03,7260.966666666666
246,2018-09-04,7358.731428571429
247,2018-09-05,6690.812857142858
248,2018-09-06,6503.9742857142855
249,2018-09-07,6398.061428571428
250,2018-09-08,6183.914069333333
251,2018-09-09,6240.201666666668
252,2018-09-10,6307.878333333332
253,2018-09-11,6286.928333333332
254,2018-09-12,6329.587786970002
255,2018-09-13,6487.45
256,2018-09-14,6478.639999999999
257,2018-09-15,6517.716666666667
258,2018-09-16,6499.755999999999
259,2018-09-17,6251.3
260,2018-09-18,6334.4766666666665
261,2018-09-19,6383.099999999999
262,2018-09-20,6492.606246933334
263,2018-09-21,6756.405
264,2018-09-22,6717.1
265,2018-09-23,6704.928000000001
266,2018-09-24,6580.071666666668
267,2018-09-25,6439.016666666667
268,2018-09-26,6460.511666666666
269,2018-09-27,6685.658333333334
270,2018-09-28,6629.960000000001
271,2018-09-29,6588.445
272,2018-09-30,6613.0
273,2018-10-01,6593.229999999999
274,2018-10-02,6514.655
275,2018-10-03,6483.104285714288
276,2018-10-04,6569.743333333333
277,2018-10-05,6611.263333333332
278,2018-10-06,6576.338000000002
279,2018-10-07,6592.7350000000015
280,2018-10-08,6646.722
281,2018-10-09,6623.375
282,2018-10-10,6586.334891504001
283,2018-10-11,6197.57
284,2018-10-12,6241.794999999999
285,2018-10-13,6277.028
286,2018-10-14,6260.563333333333
287,2018-10-15,6594.668333333334
288,2018-10-16,6588.847915542858
289,2018-10-17,6589.855
290,2018-10-18,6505.94
291,2018-10-19,6455.240000000002
292,2018-10-20,6517.462
293,2018-10-21,6521.183999999998
294,2018-10-22,6491.753333333334
295,2018-10-23,6489.096000000001
296,2018-10-24,6487.756666666667
297,2018-10-25,6474.618
298,2018-10-26,6484.478
299,2018-10-27,6456.915
300,2018-10-28,6447.864999999999
301,2018-10-29,6305.798333333332
302,2018-10-30,6307.118
303,2018-10-31,6337.632859866668
304,2018-11-01,6375.573333333334
305,2018-11-02,6389.751666666666
306,2018-11-03,6360.628333333334
307,2018-11-04,6471.2181126000005
308,2018-11-05,6436.846666666665
309,2018-11-06,6476.855714285715
310,2018-11-07,6547.191999999999
311,2018-11-08,6443.158333333333
312,2018-11-09,6375.117094835
313,2018-11-10,6390.1016666666665
314,2018-11-11,6397.097142857144
315,2018-11-12,6387.2750000000015
316,2018-11-13,6347.068489614286
317,2018-11-14,5748.151428571428
318,2018-11-15,5683.724
319,2018-11-16,5581.595
320,2018-11-17,5578.356000000002
321,2018-11-18,5610.905
322,2018-11-19,4826.964999999998
323,2018-11-20,4447.738571428571
324,2018-11-21,4602.885
325,2018-11-22,4313.0257142857145
326,2018-11-23,4366.514
327,2018-11-24,3846.321428571429
328,2018-11-25,4011.411666666667
329,2018-11-26,3787.37435818
330,2018-11-27,3818.8028571428576
331,2018-11-28,4255.59
332,2018-11-29,4274.965
333,2018-11-30,4008.376666666667
334,2018-12-01,4173.981666666667
335,2018-12-02,4128.937142857142
336,2018-12-03,3867.364
337,2018-12-04,3938.18
338,2018-12-05,3728.337142857143
339,2018-12-06,3473.5527807714284
340,2018-12-07,3401.38
341,2018-12-08,3420.123333333333
342,2018-12-09,3557.1650000000004
343,2018-12-10,3434.648571428572
344,2018-12-11,3385.52284445
345,2018-12-12,3453.786666666667
346,2018-12-13,3288.107142857143
347,2018-12-14,3219.55
348,2018-12-15,3208.693333333333
349,2018-12-16,3229.502
350,2018-12-17,3522.873333333333
351,2018-12-18,3678.077142857143
352,2018-12-19,3697.928333333333
353,2018-12-20,4088.577142857143
354,2018-12-21,3861.676666666666
355,2018-12-22,3994.73
356,2018-12-23,3964.03
357,2018-12-24,4043.303333333333
358,2018-12-25,3789.635
359,2018-12-26,3821.578
360,2018-12-27,3603.461666666666
361,2018-12-28,3894.035714285714
362,2018-12-29,3744.071666666666
363,2018-12-30,3846.41
364,2018-12-31,3718.34
365,2019-01-01,3837.571666666666
366,2019-01-02,3904.9683333333337
367,2019-01-03,3803.235
368,2019-01-04,3833.1083333333336
369,2019-01-05,3809.752
370,2019-01-06,4045.078
371,2019-01-07,4013.256666666666
372,2019-01-08,3998.8216666666663
373,2019-01-09,4003.4
374,2019-01-10,3626.715
375,2019-01-11,3636.8716666666655
376,2019-01-12,3620.308333333333
377,2019-01-13,3514.521666666666
378,2019-01-14,3665.341666666666
379,2019-01-15,3584.2783333333336
380,2019-01-16,3612.743333333333
381,2019-01-17,3645.9600000000014
382,2019-01-18,3615.978333333334
383,2019-01-19,3690.35
384,2019-01-20,3544.463333333333
385,2019-01-21,3538.5450000000005
386,2019-01-22,3584.8816666666667
387,2019-01-23,3564.486666666666
388,2019-01-24,3583.7799999999997
389,2019-01-25,3576.84
390,2019-01-26,3571.646666666667
391,2019-01-27,3548.998333333333
392,2019-01-28,3443.215
393,2019-01-29,3414.2850000000008
394,2019-01-30,3463.836
395,2019-01-31,3433.8486944
396,2019-02-01,3461.6650000000004
397,2019-02-02,3494.983333333333
398,2019-02-03,3443.999778475
399,2019-02-04,3447.46574834
400,2019-02-05,3457.17
401,2019-02-06,3393.711666666666
402,2019-02-07,3385.641666666667
403,2019-02-08,3651.563333333333
404,2019-02-09,3647.992857142857
405,2019-02-10,3669.821428571429
406,2019-02-11,3619.0733333333337
407,2019-02-12,3626.872
408,2019-02-13,3597.065714285714
409,2019-02-14,3586.956666666667
410,2019-02-15,3591.111428571429
411,2019-02-16,3608.832611581666
412,2019-02-17,3657.861666666666
413,2019-02-18,3897.29
414,2019-02-19,3908.181428571429
415,2019-02-20,3968.86
416,2019-02-21,3929.80112563
417,2019-02-22,3967.786666666667
418,2019-02-23,4130.956666666666
419,2019-02-24,3753.32
420,2019-02-25,3838.8583333333336
421,2019-02-26,3817.9
422,2019-02-27,3822.068333333333
423,2019-02-28,3828.4125
424,2019-03-01,3829.715
425,2019-03-02,3830.476666666667
426,2019-03-03,3809.278333333333
427,2019-03-04,3721.885
428,2019-03-05,3866.17
429,2019-03-06,3871.681666666667
430,2019-03-07,3885.248
431,2019-03-08,3867.283333333333
432,2019-03-09,3938.128571428572
433,2019-03-10,3926.44
434,2019-03-11,3878.096
435,2019-03-12,3887.89
436,2019-03-13,3869.734285714285
437,2019-03-14,3877.605
438,2019-03-15,3938.63
439,2019-03-16,4008.254038057143
440,2019-03-17,3993.156
441,2019-03-18,3993.283333333333
442,2019-03-19,4027.073623288
443,2019-03-20,4050.956982705
444,2019-03-21,3987.735000000001
445,2019-03-22,3994.776666666666
446,2019-03-23,4008.11
447,2019-03-24,3988.28
448,2019-03-25,3927.845
449,2019-03-26,3938.7742857142857
450,2019-03-27,4042.66
451,2019-03-28,4039.3819587675
452,2019-03-29,4109.575
453,2019-03-30,4110.325604348333
454,2019-03-31,4113.094
455,2019-04-01,4149.060702163333
456,2019-04-02,4890.571666666667
457,2019-04-03,4963.35
458,2019-04-04,4907.9628571428575
459,2019-04-05,5035.255
460,2019-04-06,5052.356666666667
461,2019-04-07,5193.241666666667
462,2019-04-08,5274.243333333333
463,2019-04-09,5173.343333333333
464,2019-04-10,5313.377142857143
465,2019-04-11,5033.8671428571415
466,2019-04-12,5070.561428571428
467,2019-04-13,5061.684767725715
468,2019-04-14,5153.812857142858
469,2019-04-15,5031.058171584285
470,2019-04-16,5195.165402860001
471,2019-04-17,5219.635
472,2019-04-18,5276.024847591429
473,2019-04-19,5279.810976224288
474,2019-04-20,5305.165
475,2019-04-21,5284.2528571428575
476,2019-04-22,5381.885000000001
477,2019-04-23,5516.681428571429
478,2019-04-24,5435.674285714284
479,2019-04-25,5180.695
480,2019-04-26,5259.854285714286
481,2019-04-27,5260.652857142857
482,2019-04-28,5269.928571428572
483,2019-04-29,5227.475
484,2019-04-30,5338.980390024285
485,2019-05-01,5392.115714285715
486,2019-05-02,5484.461428571428
487,2019-05-03,5758.07857142857
488,2019-05-04,5840.691428571428
489,2019-05-05,5779.5427654125
490,2019-05-06,5761.592857142857
491,2019-05-07,5830.241250000001
492,2019-05-08,5998.215714285715
493,2019-05-09,6188.938571428572
494,2019-05-10,6369.528571428572
495,2019-05-11,7184.16125
496,2019-05-12,6975.732857142858
497,2019-05-13,7805.13
498,2019-05-14,7982.688571428572
499,2019-05-15,8180.888571428572
500,2019-05-16,7870.174285714286
501,2019-05-17,7365.308749999998
502,2019-05-18,7260.292857142856
503,2019-05-19,8178.15
504,2019-05-20,7975.084826933748
505,2019-05-21,7929.135924987144
506,2019-05-22,7626.3287500000015
507,2019-05-23,7866.1100000000015
508,2019-05-24,7984.247142857143
509,2019-05-25,8046.357142857143
510,2019-05-26,8681.000195092858
511,2019-05-27,8771.325714285715
512,2019-05-28,8719.991428571428
513,2019-05-29,8658.118571428571
514,2019-05-30,8270.627142857144
515,2019-05-31,8551.529415892857
516,2019-06-01,8548.1575
517,2019-06-02,8730.503333333332
518,2019-06-03,8114.393749999998
519,2019-06-04,7679.504187657142
520,2019-06-05,7784.122857142856
521,2019-06-06,7796.927142857144
522,2019-06-07,7992.39625
523,2019-06-08,7913.912857142856
524,2019-06-09,7631.66
525,2019-06-10,8003.641428571429
526,2019-06-11,7901.688571428572
527,2019-06-12,8153.928571428572
528,2019-06-13,8227.92
529,2019-06-14,8675.16
530,2019-06-15,8837.07857142857
531,2019-06-16,8968.442857142856
532,2019-06-17,9327.631428571429
533,2019-06-18,9082.055
534,2019-06-19,9271.56
535,2019-06-20,9529.134189702858
536,2019-06-21,10196.75374506125
537,2019-06-22,10705.15285714286
538,2019-06-23,10869.897142857142
539,2019-06-24,11040.3625
540,2019-06-25,11773.5675
541,2019-06-26,12983.305
542,2019-06-27,11239.1977376825
543,2019-06-28,12377.304285714286
544,2019-06-29,11887.087142857144
545,2019-06-30,10800.854285714286
546,2019-07-01,10607.074060959998
547,2019-07-02,10837.8475
548,2019-07-03,11958.421428571428
549,2019-07-04,11155.10875
550,2019-07-05,10993.10375
551,2019-07-06,11251.302857142857
552,2019-07-07,11448.688571428567
553,2019-07-08,12272.425714285711
554,2019-07-09,12552.03625
555,2019-07-10,12100.18142857143
556,2019-07-11,11343.821428571431
557,2019-07-12,11778.014285714287
558,2019-07-13,11359.311428571433
559,2019-07-14,10188.058333333334
560,2019-07-15,10842.39081923
561,2019-07-16,9424.645714285714
562,2019-07-17,9683.525714285714
563,2019-07-18,10634.031428571428
564,2019-07-19,10520.415749277145
565,2019-07-20,10748.371428571429
566,2019-07-21,10587.600701687144
567,2019-07-22,10332.01857142857
568,2019-07-23,9855.61875
569,2019-07-24,9766.278301740002
570,2019-07-25,9882.022857142858
571,2019-07-26,9834.61
572,2019-07-27,9475.654285714289
573,2019-07-28,9534.158571428572
574,2019-07-29,9501.932857142858
575,2019-07-30,9586.9670944725
576,2019-07-31,10084.498571428572
577,2019-08-01,10388.977142857142
578,2019-08-02,10525.695714285714
579,2019-08-03,10816.366666666669
580,2019-08-04,10958.098571428573
581,2019-08-05,11816.661428571431
582,2019-08-06,11473.367142857143
583,2019-08-07,11975.062857142855
584,2019-08-08,12000.22142857143
585,2019-08-09,11871.84285714286
586,2019-08-10,11297.275754981429
587,2019-08-11,11545.01734885125
588,2019-08-12,11393.27
589,2019-08-13,10880.987240861428
590,2019-08-14,10038.229778625
591,2019-08-15,10301.299356285714
592,2019-08-16,10346.975714285716
593,2019-08-17,10216.72857142857
594,2019-08-18,10315.133679666666
595,2019-08-19,10920.895714285714
596,2019-08-20,10767.06082286
597,2019-08-21,10137.14920227
598,2019-08-22,10106.227142857142
599,2019-08-23,10394.68991
600,2019-08-24,10142.314285714285
601,2019-08-25,10137.482857142855
602,2019-08-26,10367.922857142858
603,2019-08-27,10178.971428571427
604,2019-08-28,9721.0975
605,2019-08-29,9493.888571428572
606,2019-08-30,9583.742857142855
607,2019-08-31,9598.153333333334
608,2019-09-01,9751.915714285711
609,2019-09-02,10366.022857142858
610,2019-09-03,10621.61
611,2019-09-04,10576.024285714284
612,2019-09-05,10570.3193652
613,2019-09-06,10304.064285714285
614,2019-09-07,10472.57142857143
615,2019-09-08,10397.145714285714
616,2019-09-09,10307.58
617,2019-09-10,10101.007142857145
618,2019-09-11,10159.99142857143
619,2019-09-12,10422.667142857144
620,2019-09-13,10356.462857142858
621,2019-09-14,10350.748333333331
622,2019-09-15,10306.851741928573
623,2019-09-16,10261.55
624,2019-09-17,10193.062857142855
625,2019-09-18,10159.35
626,2019-09-19,10265.02
627,2019-09-20,10173.57142857143
628,2019-09-21,9986.945714285714
629,2019-09-22,10030.478571428572
630,2019-09-23,9696.454285714284
631,2019-09-24,8524.09375
632,2019-09-25,8440.225714285714
633,2019-09-26,8067.0700000000015
634,2019-09-27,8189.474285714285
635,2019-09-28,8211.621428571429
636,2019-09-29,8053.455714285716
637,2019-09-30,8301.721428571429
638,2019-10-01,8310.33
639,2019-10-02,8374.832868383333
640,2019-10-03,8235.124285714284
641,2019-10-04,8147.721428571428
642,2019-10-05,8140.59142857143
643,2019-10-06,7860.037142857143
644,2019-10-07,8202.667142857144
645,2019-10-08,8178.113333333334
646,2019-10-09,8579.674285714285
647,2019-10-10,8574.71
648,2019-10-11,8264.738571428572
649,2019-10-12,8305.65
650,2019-10-13,8282.364285714286
651,2019-10-14,8355.300692871428
652,2019-10-15,8160.505
653,2019-10-16,7997.798333333332
654,2019-10-17,8075.66
655,2019-10-18,7956.283192716667
656,2019-10-19,7960.97
657,2019-10-20,8233.051666666666
658,2019-10-21,8210.063333333334
659,2019-10-22,8027.944285714286
660,2019-10-23,7473.598571428572
661,2019-10-24,7425.370000000001
662,2019-10-25,8663.784285714286
663,2019-10-26,9242.675
664,2019-10-27,9543.441428571428
665,2019-10-28,9214.98571428571
666,2019-10-29,9421.5
667,2019-10-30,9162.248571428572
668,2019-10-31,9153.793333333331
669,2019-11-01,9247.972857142857
670,2019-11-02,9302.288571428571
671,2019-11-03,9204.305714285714
672,2019-11-04,9407.458571428571
673,2019-11-05,9317.358571428573
674,2019-11-06,9341.17
675,2019-11-07,9208.084285714283
676,2019-11-08,8771.542857142858
677,2019-11-09,8812.65102917857
678,2019-11-10,9039.715714285714
679,2019-11-11,8728.379053085713
680,2019-11-12,8817.044285714286
681,2019-11-13,8774.053333333333
682,2019-11-14,8642.695
683,2019-11-15,8469.36037504
684,2019-11-16,8492.407142857142
685,2019-11-17,8506.259999999998
686,2019-11-18,8184.442857142858
687,2019-11-19,8132.52857142857
688,2019-11-20,8094.797142857144
689,2019-11-21,7628.627142857144
690,2019-11-22,7281.3244094857155
691,2019-11-23,7322.732857142856
692,2019-11-24,6913.482857142856
693,2019-11-25,7123.9742857142855
694,2019-11-26,7163.978571428571
695,2019-11-27,7519.818571428572
696,2019-11-28,7430.816308571429
697,2019-11-29,7755.317142857143
698,2019-11-30,7556.527473842856
699,2019-12-01,7405.87857142857
700,2019-12-02,7308.40717
701,2019-12-03,7298.09047039875
702,2019-12-04,7201.659999999999
703,2019-12-05,7397.34142857143
704,2019-12-06,7542.328571428572
705,2019-12-07,7502.138333333332
706,2019-12-08,7515.631666666667
707,2019-12-09,7344.94734598
708,2019-12-10,7226.425795657144
709,2019-12-11,7210.686041919998
710,2019-12-12,7197.58
711,2019-12-13,7257.950000000002
712,2019-12-14,7069.29142857143
713,2019-12-15,7119.22625
714,2019-12-16,6891.342857142857
715,2019-12-17,6625.281428571429
716,2019-12-18,7287.368571428572
717,2019-12-19,7147.004285714284
718,2019-12-20,7192.914875928572
719,2019-12-21,7142.874285714284
720,2019-12-22,7509.515714285714
721,2019-12-23,7321.887142857144
722,2019-12-24,7258.104285714286
723,2019-12-25,7201.469999999998
724,2019-12-26,7202.627142857144
725,2019-12-27,7255.318571428571
726,2019-12-28,7312.958333333332
727,2019-12-29,7392.415714285716
728,2019-12-30,7235.061428571428
729,2019-12-31,7185.288571428572
730,2020-01-01,7191.744285714286
731,2020-01-02,6960.5700000000015
732,2020-01-03,7344.818571428572
733,2020-01-04,7353.525965877142
734,2020-01-05,7357.218605812856
735,2020-01-06,7759.81
736,2020-01-07,8153.905714285714
737,2020-01-08,8046.035
738,2020-01-09,7816.38020932857
739,2020-01-10,8193.24142857143
740,2020-01-11,8020.644285714285
741,2020-01-12,8176.80160541125
742,2020-01-13,8104.935833318572
743,2020-01-14,8809.032500000001
744,2020-01-15,8811.78375
745,2020-01-16,8718.37
746,2020-01-17,8901.3
747,2020-01-18,8909.212857142857
748,2020-01-19,8701.347142857141
749,2020-01-20,8635.72
750,2020-01-21,8729.521428571428
751,2020-01-22,8669.628571428571
752,2020-01-23,8396.875502458572
753,2020-01-24,8434.199953295714
754,2020-01-25,8335.56857142857
755,2020-01-26,8606.56857142857
756,2020-01-27,8902.992857142859
757,2020-01-28,9385.11
758,2020-01-29,9295.604285714286
759,2020-01-30,9505.1252022275
760,2020-01-31,9346.178571428569
761,2020-02-01,9385.424285714284
762,2020-02-02,9332.291428571429
763,2020-02-03,9291.965714285716
764,2020-02-04,9181.37
765,2020-02-05,9613.817142857142
766,2020-02-06,9762.515728577144
767,2020-02-07,9810.75875
768,2020-02-08,9895.92857142857
769,2020-02-09,10159.317142857142
770,2020-02-10,9851.321428571431
771,2020-02-11,10248.1725
772,2020-02-12,10339.831428571428
773,2020-02-13,10231.562857142855
774,2020-02-14,10352.86673892429
775,2020-02-15,9904.660000000002
776,2020-02-16,9922.02875
777,2020-02-17,9703.034285714286
778,2020-02-18,10175.96625
779,2020-02-19,9597.325714285716
780,2020-02-20,9604.00875
781,2020-02-21,9688.441428571428
782,2020-02-22,9660.032857142856
783,2020-02-23,9957.40375
784,2020-02-24,9659.768333333332
785,2020-02-25,9313.942857142856
786,2020-02-26,8788.641428571427
787,2020-02-27,8816.8125
788,2020-02-28,8704.551428571429
789,2020-02-29,8531.294285714286
790,2020-03-01,8532.42
791,2020-03-02,8919.344285714284
792,2020-03-03,8762.645714285714
793,2020-03-04,8759.078571428572
794,2020-03-05,9065.927500000002
795,2020-03-06,9149.368571428571
796,2020-03-07,8896.908571428572
797,2020-03-08,8041.894661157498
798,2020-03-09,7937.838750000001
799,2020-03-10,7896.025000000002
800,2020-03-11,7940.891428571429
801,2020-03-12,4839.98625
802,2020-03-13,5582.557500000001
803,2020-03-14,5178.108571428572
804,2020-03-15,5363.23625
805,2020-03-16,5041.90375
806,2020-03-17,5329.8025
807,2020-03-18,5405.85625
808,2020-03-19,6173.412857142856
809,2020-03-20,6207.2262500000015
810,2020-03-21,6192.811428571428
811,2020-03-22,5819.615619075002
812,2020-03-23,6483.15002143
813,2020-03-24,6757.442857142856
814,2020-03-25,6683.800000000001
815,2020-03-26,6749.312499999999
816,2020-03-27,6369.405
817,2020-03-28,6245.8785714285705
818,2020-03-29,5880.061428571428
819,2020-03-30,6401.26
820,2020-03-31,6417.768969482857
821,2020-04-01,6654.37
822,2020-04-02,6800.59142857143
823,2020-04-03,6738.452350077142
824,2020-04-04,6867.27375
825,2020-04-05,6775.5325
826,2020-04-06,7338.357142857143
827,2020-04-07,7200.801189787142
828,2020-04-08,7364.762857142857
829,2020-04-09,7289.614285714285
830,2020-04-10,6869.602500000001
831,2020-04-11,6882.682857142857
832,2020-04-12,6908.183749999998
833,2020-04-13,6849.815714285714
834,2020-04-14,6872.70875
835,2020-04-15,6624.477846262501
836,2020-04-16,7108.3042857142855
837,2020-04-17,7031.995071328572
838,2020-04-18,7256.707142857143
839,2020-04-19,7125.58142857143
840,2020-04-20,6835.165714285716
841,2020-04-21,6848.08
842,2020-04-22,7131.5757142857165
843,2020-04-23,7482.35625
844,2020-04-24,7507.335
845,2020-04-25,7541.526
846,2020-04-26,7697.64375
847,2020-04-27,7780.936198842856
848,2020-04-28,7752.918750000002
849,2020-04-29,8782.56625
850,2020-04-30,8625.487498330001
851,2020-05-01,8827.175714285713
852,2020-05-02,8978.487142857142
853,2020-05-03,8901.56857142857
854,2020-05-04,8876.158571428572
855,2020-05-05,9024.5471863025
856,2020-05-06,9150.865
857,2020-05-07,9991.195714285714
858,2020-05-08,9804.89375
859,2020-05-09,9537.632499999998
860,2020-05-10,8728.032500000001
861,2020-05-11,8566.295
862,2020-05-12,8817.18875
863,2020-05-13,9312.935714285712
864,2020-05-14,9792.090593945715
865,2020-05-15,9311.5875
866,2020-05-16,9384.488869957144
867,2020-05-17,9674.482857142855
868,2020-05-18,9727.053594658571
869,2020-05-19,9778.062857142855
870,2020-05-20,9511.5375
871,2020-05-21,9059.2725
872,2020-05-22,9168.038571428571
873,2020-05-23,9178.608571428573
874,2020-05-24,8718.1525
875,2020-05-25,8900.177142857143
876,2020-05-26,8841.998571428572
877,2020-05-27,9205.90875
878,2020-05-28,9576.94625
879,2020-05-29,9424.895714285713
880,2020-05-30,9696.753750000002
881,2020-05-31,9448.7025
882,2020-06-01,10203.0425
883,2020-06-02,9522.373783384286
884,2020-06-03,9667.742642855714
885,2020-06-04,9789.974296571429
886,2020-06-05,9618.322499999998
887,2020-06-06,9669.335
888,2020-06-07,9748.864285714286
889,2020-06-08,9781.08857142857
890,2020-06-09,9774.82285714286
891,2020-06-10,9889.675714285717
892,2020-06-11,9273.329724871428
893,2020-06-12,9464.84
894,2020-06-13,9474.418312091428
895,2020-06-14,9336.30625
896,2020-06-15,9427.472857142857
897,2020-06-16,9527.433103285714
898,2020-06-17,9462.511428571428
899,2020-06-18,9384.23
900,2020-06-19,9307.535714285714
901,2020-06-20,9359.16714285714
902,2020-06-21,9292.441666666666
903,2020-06-22,9688.87545214
904,2020-06-23,9625.335714285717
905,2020-06-24,9294.23875
906,2020-06-25,9247.684111559998
907,2020-06-26,9162.623333333331
908,2020-06-27,9009.35
909,2020-06-28,9117.69456595
910,2020-06-29,9189.559121565717
911,2020-06-30,9138.082857142856
912,2020-07-01,9234.565714285714
913,2020-07-02,9089.951428571429
914,2020-07-03,9062.002857142856
915,2020-07-04,9137.56875
916,2020-07-05,9076.723263858748
917,2020-07-06,9347.41857142857
918,2020-07-07,9257.940824886666
919,2020-07-08,9436.501666666669
920,2020-07-09,9237.76916699143
921,2020-07-10,9289.8
922,2020-07-11,9236.753333333334
923,2020-07-12,9301.03
924,2020-07-13,9240.798571428571
925,2020-07-14,9255.765
926,2020-07-15,9197.232857142855
927,2020-07-16,9135.09142857143
928,2020-07-17,9156.29694451
929,2020-07-18,9175.063333333334
930,2020-07-19,9213.32285714286
931,2020-07-20,9163.907142857144
932,2020-07-21,9392.687142857145
933,2020-07-22,9530.35
934,2020-07-23,9609.348571428573
935,2020-07-24,9547.007142857145
936,2020-07-25,9706.77717202
937,2020-07-26,9935.38
938,2020-07-27,11039.058982822857
939,2020-07-28,10923.505714285717
940,2020-07-29,11107.215714285712
941,2020-07-30,11109.275714285714
942,2020-07-31,11345.641428571427
943,2020-08-01,11806.944858942854
944,2020-08-02,11068.69285714286
945,2020-08-03,11229.037034228331
946,2020-08-04,11191.478571428572
947,2020-08-05,11746.054845191427
948,2020-08-06,11766.337142857144
949,2020-08-07,11595.772973197145
950,2020-08-08,11768.54875
951,2020-08-09,11682.62572427
952,2020-08-10,11894.392857142857
953,2020-08-11,11389.292857142858
954,2020-08-12,11567.478
955,2020-08-13,11785.247509497502
956,2020-08-14,11767.588571428572
957,2020-08-15,11857.399750505712
958,2020-08-16,11915.145714285713
959,2020-08-17,12293.88294740625
960,2020-08-18,11951.912814748572
961,2020-08-19,11757.35875
962,2020-08-20,11862.795387714286
963,2020-08-21,11528.304285714285
964,2020-08-22,11671.85285714286
965,2020-08-23,11650.60285714286
966,2020-08-24,11756.984285714285
967,2020-08-25,11326.518666699998
968,2020-08-26,11465.59013714286
969,2020-08-27,11331.75625
970,2020-08-28,11532.987142857144
971,2020-08-29,11473.951428571429
972,2020-08-30,11714.608571428573
973,2020-08-31,11655.652857142855
974,2020-09-01,11925.96
975,2020-09-02,11394.975714285712
976,2020-09-03,10156.472857142857
977,2020-09-04,10463.263947502855
978,2020-09-05,10170.824985468573
979,2020-09-06,10259.047142857144
980,2020-09-07,10377.934875214283
981,2020-09-08,10129.021428571428
982,2020-09-09,10226.47
983,2020-09-10,10343.635714285716
984,2020-09-11,10393.155714285716
985,2020-09-12,10445.357142857143
986,2020-09-13,10331.737142857144
987,2020-09-14,10676.524285714286
988,2020-09-15,10786.552857142857
989,2020-09-16,10956.394451805714
990,2020-09-17,10943.792857142858
991,2020-09-18,10937.22049733857
992,2020-09-19,11082.582857142856
993,2020-09-20,10922.360261634283
994,2020-09-21,10418.664285714283
995,2020-09-22,10533.698571428573
996,2020-09-23,10241.64
997,2020-09-24,10740.804285714286
998,2020-09-25,10692.308028901429
999,2020-09-26,10732.705714285714
1000,2020-09-27,10779.554285714286
1001,2020-09-28,10697.195714285715
1002,2020-09-29,10842.288571428571
1003,2020-09-30,10779.72714285714
1004,2020-10-01,10620.952857142856
1005,2020-10-02,10573.591666666667
1006,2020-10-03,10546.846666666666
1007,2020-10-04,10671.759999999998
1008,2020-10-05,10794.79625
1009,2020-10-06,10597.378333333332
1010,2020-10-07,10670.857142857143
1011,2020-10-08,10929.45
1012,2020-10-09,11056.312857142855
1013,2020-10-10,11298.691428571428
1014,2020-10-11,11373.998571428572
1015,2020-10-12,11538.017499999998
1016,2020-10-13,11426.512857142856
1017,2020-10-14,11426.19875
1018,2020-10-15,11505.958571428571
1019,2020-10-16,11322.267142857145
1020,2020-10-17,11364.845714285711
1021,2020-10-18,11509.878571428571
1022,2020-10-19,11754.871428571429
1023,2020-10-20,11916.263333333334
1024,2020-10-21,12797.820000000003
1025,2020-10-22,12980.145
1026,2020-10-23,12932.11
1027,2020-10-24,13120.25094786
1028,2020-10-25,13036.35
1029,2020-10-26,13062.471428571427
1030,2020-10-27,13638.985
1031,2020-10-28,13274.067142857146
1032,2020-10-29,13458.46142857143
1033,2020-10-30,13563.009999999998
1034,2020-10-31,13797.333333333336
1035,2020-11-01,13761.401428571427
1036,2020-11-02,13559.07375
1037,2020-11-03,14027.441376514287
1038,2020-11-04,14151.5225
1039,2020-11-05,15596.485
1040,2020-11-06,15586.917693564286
1041,2020-11-07,14829.23
1042,2020-11-08,15482.978571428572
1043,2020-11-09,15330.87027799714
1044,2020-11-10,15307.007231595711
1045,2020-11-11,15697.96345965714
1046,2020-11-12,16299.42256341143
1047,2020-11-13,16327.194972985712
1048,2020-11-14,16072.34285714286
1049,2020-11-15,15962.777142857143
1050,2020-11-16,16717.415714285715
1051,2020-11-17,17670.999118997144
1052,2020-11-18,17781.625
1053,2020-11-19,17814.663769282502
1054,2020-11-20,18668.73857142857
1055,2020-11-21,18703.76403760714
1056,2020-11-22,18423.051428571427
1057,2020-11-23,18377.50857142857
1058,2020-11-24,19124.685
1059,2020-11-25,18724.69
1060,2020-11-26,17163.0744751225
1061,2020-11-27,17145.815
1062,2020-11-28,17729.88714285714
1063,2020-11-29,18190.52535542857
1064,2020-11-30,19689.495298
1065,2020-12-01,18779.131428571432
1066,2020-12-02,19220.01875
1067,2020-12-03,19438.0825
1068,2020-12-04,18658.47285714286
1069,2020-12-05,19154.04213538572
1070,2020-12-06,19375.40625
1071,2020-12-07,19178.21348317
1072,2020-12-08,18323.86857142857
1073,2020-12-09,18547.06571428572
1074,2020-12-10,18252.78428571429
1075,2020-12-11,18036.4602271075
1076,2020-12-12,18811.614285714288
1077,2020-12-13,19170.83571428572
1078,2020-12-14,19270.8275
1079,2020-12-15,19436.32857142857
1080,2020-12-16,21350.9212926125
1081,2020-12-17,22812.210000000006
1082,2020-12-18,23122.24285714285
1083,2020-12-19,23835.148571428574
1084,2020-12-20,23463.61428571428
1085,2020-12-21,22721.477396571427
1086,2020-12-22,23815.41962540625
1087,2020-12-23,23230.13875000001
1088,2020-12-24,23727.476733142856
1089,2020-12-25,24708.808410857146
1090,2020-12-26,26466.24857142857
1091,2020-12-27,26261.45
1092,2020-12-28,27053.770694000006
1093,2020-12-29,27368.557142857146
1094,2020-12-30,28878.608571428573
1095,2020-12-31,28948.192733625
1096,2021-01-01,29364.818975187143
1097,2021-01-02,32202.25
1098,2021-01-03,33033.40142857143
1099,2021-01-04,32003.18
1100,2021-01-05,33988.667142857135
1101,2021-01-06,36804.654285714285
1102,2021-01-07,39460.55142857142
1103,2021-01-08,40607.26625
1104,2021-01-09,40168.45142857143
1105,2021-01-10,38170.15857142857
1106,2021-01-11,35428.545
1107,2021-01-12,34058.147142857146
1108,2021-01-13,37376.37567857714
1109,2021-01-14,39140.5025
1110,2021-01-15,36755.09375
1111,2021-01-16,36009.62714285715
1112,2021-01-17,35829.465000000004
1113,2021-01-18,36634.468571428566
1114,2021-01-19,35912.99
1115,2021-01-20,35491.71
1116,2021-01-21,30850.051428571427
1117,2021-01-22,32987.614285714284
1118,2021-01-23,32093.42428571428
1119,2021-01-24,32280.48285714285
1120,2021-01-25,32266.119999999995
1121,2021-01-26,32491.85
1122,2021-01-27,30392.78105114286
1123,2021-01-28,33406.834285714285
1124,2021-01-29,34253.11571428571
1125,2021-01-30,34296.2
1126,2021-01-31,33118.98285714286
1127,2021-02-01,33534.30142857142
1128,2021-02-02,35505.70857142857
1129,2021-02-03,37651.86571428572
1130,2021-02-04,36961.19547328572
1131,2021-02-05,38296.70428571429
1132,2021-02-06,39245.980082087495
1133,2021-02-07,38834.32571428572
1134,2021-02-08,46411.595
1135,2021-02-09,46470.70857142856
1136,2021-02-10,44830.69857142858
1137,2021-02-11,47976.35428571428
1138,2021-02-12,47381.76625
1139,2021-02-13,47185.24714285714
1140,2021-02-14,48619.338571428576
1141,2021-02-15,47921.19857142858
1142,2021-02-16,49166.93
1143,2021-02-17,52135.318571428565
1144,2021-02-18,51574.95571428572
1145,2021-02-19,55925.08714285715
1146,2021-02-20,55873.31857142859
1147,2021-02-21,57439.70571428572
1148,2021-02-22,54113.23428571428
1149,2021-02-23,48894.841428571424
1150,2021-02-24,49711.27375
1151,2021-02-25,47079.87500000001
1152,2021-02-26,46305.62285714286
1153,2021-02-27,46147.23142857144
1154,2021-02-28,45204.01
1155,2021-03-01,49605.86142857144
1156,2021-03-02,48481.5
1157,2021-03-03,50371.65820344287
1158,2021-03-04,48377.74142857143
1159,2021-03-05,48764.19714285714
1160,2021-03-06,48886.92285714286
1161,2021-03-07,50969.45428571429
1162,2021-03-08,52389.69285714285
1163,2021-03-09,54908.97969529143
1164,2021-03-10,55878.59428571428
1165,2021-03-11,57800.50714285714
1166,2021-03-12,57245.13857142857
1167,2021-03-13,61182.196716285725
1168,2021-03-14,58996.35375
1169,2021-03-15,55637.7975
1170,2021-03-16,56902.41499999999
1171,2021-03-17,58906.565
1172,2021-03-18,57644.62428571429
1173,2021-03-19,58049.241139897145
1174,2021-03-20,58105.91857142858
1175,2021-03-21,57361.694285714286
1176,2021-03-22,54100.075
1177,2021-03-23,54356.51872856
1178,2021-03-24,52309.895
1179,2021-03-25,51319.08571428572
1180,2021-03-26,55042.22571428572
1181,2021-03-27,55841.87714285716
1182,2021-03-28,55780.735714285714
1183,2021-03-29,57632.83482285715
1184,2021-03-30,58773.92571428571
1185,2021-03-31,58771.60571428573
1186,2021-04-01,58729.37857142858
1187,2021-04-02,58979.31
1188,2021-04-03,57074.12875
1189,2021-04-04,58210.117026674285
1190,2021-04-05,59124.40625
1191,2021-04-06,58002.718571428566
1192,2021-04-07,55950.96000000001
1193,2021-04-08,58080.724285714285
1194,2021-04-09,58122.75125
1195,2021-04-10,59780.77571428572
1196,2021-04-11,59993.395714285725
1197,2021-04-12,59848.84714285715
1198,2021-04-13,63570.902857142864
1199,2021-04-14,62960.588571428576
1200,2021-04-15,63192.16
1201,2021-04-16,61386.31833333332
1202,2021-04-17,60020.24195666286
1203,2021-04-18,56199.58
1204,2021-04-19,55661.88
1205,2021-04-20,56465.15881628572
1206,2021-04-21,53796.979598714286
1207,2021-04-22,51706.53694842571
1208,2021-04-23,51146.055714285714
1209,2021-04-24,50083.121428571416
1210,2021-04-25,49099.17142857143
1211,2021-04-26,54039.23285714287
1212,2021-04-27,55047.35571428571
1213,2021-04-28,54866.73428571429
1214,2021-04-29,53570.08
1215,2021-04-30,57723.667142857135
1216,2021-05-01,57819.908571428576
1217,2021-05-02,56600.17142857143
1218,2021-05-03,57180.78142857144
1219,2021-05-04,53223.76
1220,2021-05-05,57474.86571428571
1221,2021-05-06,56420.72714285714
1222,2021-05-07,57345.76714285714
1223,2021-05-08,58912.12428571428
1224,2021-05-09,58273.52857142857
1225,2021-05-10,55842.88446171429
1226,2021-05-11,56715.36780057144
1227,2021-05-12,49414.81625
1228,2021-05-13,49689.928530790006
1229,2021-05-14,49876.51571428571
1230,2021-05-15,46776.494285714274
1231,2021-05-16,46464.30285714287
1232,2021-05-17,43553.938571428575
1233,2021-05-18,42870.292857142864
1234,2021-05-19,36718.78714285714
1235,2021-05-20,40574.42203960286
1236,2021-05-21,37309.544446417145
1237,2021-05-22,37479.21571428572
1238,2021-05-23,34706.457142857136
1239,2021-05-24,38830.035714285725
1240,2021-05-25,38366.30099577125
1241,2021-05-26,39272.99857142857
1242,2021-05-27,38527.95813732428
1243,2021-05-28,35672.01142857143
1244,2021-05-29,34608.031428571434
1245,2021-05-30,35651.28571428572
1246,2021-05-31,37281.59857142857
1247,2021-06-01,36686.467142857146
1248,2021-06-02,37578.13714285714
1249,2021-06-03,39232.59142857143
1250,2021-06-04,36846.37857142858
1251,2021-06-05,35525.45857142857
1252,2021-06-06,35797.6075
1253,2021-06-07,33571.86714285715
1254,2021-06-08,33397.099337600004
1255,2021-06-09,37388.55285714286
1256,2021-06-10,36682.47571428571
1257,2021-06-11,37334.81285714286
1258,2021-06-12,35551.520000000004
1259,2021-06-13,39016.027568015714
1260,2021-06-14,40526.43
1261,2021-06-15,40155.69
1262,2021-06-16,38347.72571428572
1263,2021-06-17,38088.03142857144
1264,2021-06-18,35830.61571428571
1265,2021-06-19,35500.864285714284
1266,2021-06-20,35600.37714285714
1267,2021-06-21,31637.26390228144
1268,2021-06-22,32527.92571428572
1269,2021-06-23,33677.49428571429
1270,2021-06-24,34659.84285714286
1271,2021-06-25,31588.374635020005
1272,2021-06-26,32287.080529535
1273,2021-06-27,34704.99611329572
1274,2021-06-28,34489.41476867858
1275,2021-06-29,35910.47106169428
1276,2021-06-30,35048.54714285715
1277,2021-07-01,33520.42284674875
1278,2021-07-02,33799.79142857143
1279,2021-07-03,34678.4
1280,2021-07-04,35286.48142857143
1281,2021-07-05,33694.27831104625
1282,2021-07-06,34236.19125
1283,2021-07-07,33874.012857142865
1284,2021-07-08,32876.79142857143
1285,2021-07-09,33808.502857142856
1286,2021-07-10,33511.599890001424
1287,2021-07-11,34256.36714285714
1288,2021-07-12,33094.17
1289,2021-07-13,32728.054285714286
1290,2021-07-14,32818.78798488285
1291,2021-07-15,31863.977142857144
1292,2021-07-16,31396.660000000003
1293,2021-07-17,31527.021428571432
1294,2021-07-18,31785.34
1295,2021-07-19,30837.672857142858
1296,2021-07-20,29790.982857142862
1297,2021-07-21,32140.304285714286
1298,2021-07-22,32295.53833333334
1299,2021-07-23,33644.77285714286
1300,2021-07-24,34274.305714285714
1301,2021-07-25,35407.28125
1302,2021-07-26,37259.74285714285
1303,2021-07-27,39477.31714285714
1304,2021-07-28,40022.68142857143
1305,2021-07-29,40025.5644625
1306,2021-07-30,42219.51114473286
1307,2021-07-31,41454.75875
1308,2021-08-01,39857.66857142857
1309,2021-08-02,39152.180893935714
1310,2021-08-03,38195.56
1311,2021-08-04,39733.05857142857
1312,2021-08-05,40875.98333333333
1313,2021-08-06,42837.91
1314,2021-08-07,44594.108571428565
1315,2021-08-08,43814.26
1316,2021-08-09,46278.33264446141
1317,2021-08-10,45594.42285714285
1318,2021-08-11,45535.985714285714
1319,2021-08-12,44414.92714285715
1320,2021-08-13,47822.755714285726
1321,2021-08-14,47091.85285714286
1322,2021-08-15,47003.26
1323,2021-08-16,45911.69857142858
1324,2021-08-17,44686.25714285714
1325,2021-08-18,44711.63000000001
1326,2021-08-19,46764.84666666667
1327,2021-08-20,49335.51101872
1328,2021-08-21,48846.46142857144
1329,2021-08-22,49271.07750000001
1330,2021-08-23,49508.875714285714
1331,2021-08-24,47692.55571428572
1332,2021-08-25,48983.6761598225
1333,2021-08-26,46845.315
1334,2021-08-27,49072.40714285715
1335,2021-08-28,48909.84000000001
1336,2021-08-29,48785.097142857136
1337,2021-08-30,46989.66612593001
1338,2021-08-31,47124.13571428572
1339,2021-09-01,48833.45571428572
1340,2021-09-02,49278.47875
1341,2021-09-03,50009.00749999999
1342,2021-09-04,49918.70166666666
1343,2021-09-05,51776.87
1344,2021-09-06,52679.1725
1345,2021-09-07,46867.82
1346,2021-09-08,46064.75342324
1347,2021-09-09,46393.33428571428
1348,2021-09-10,44848.18875
1349,2021-09-11,45166.28142857144
1350,2021-09-12,46032.933474182864
1351,2021-09-13,44946.60142857144
1352,2021-09-14,47121.792857142864
1353,2021-09-15,48137.71
1354,2021-09-16,47759.54
1355,2021-09-17,47295.47
1356,2021-09-18,48307.06875
1357,2021-09-19,47243.39875
1358,2021-09-20,43017.277142857136
1359,2021-09-21,43002.505
