timestamp,Open,High,Low,Close,Volume
2018-02-16,0.41,0.41,0.36,0.36,3779.36292683
2018-02-17,0.41,0.51,0.41,0.49,2298687.89535643
2018-02-18,0.49,0.499,0.4160100000000001,0.4301,2219250.13185427
2018-02-19,0.446009,0.4539999999999999,0.43,0.447083,1270865.32153683
2018-02-20,0.4443,0.45624,0.386,0.389,3712535.61537083
2018-02-21,0.386208,0.4248,0.362001,0.373401,6448466.9714174
2018-02-22,0.376898,0.3976989999999999,0.33,0.3498,4403295.5916572
2018-02-23,0.3497989999999999,0.388989,0.334701,0.366019,3779156.08210637
2018-02-24,0.366103,0.377869,0.33,0.3476,3546851.85777543
2018-02-25,0.3405,0.3599,0.327,0.350099,4717859.59400331
2018-02-26,0.347501,0.371749,0.334701,0.3555,3073521.59012791
2018-02-27,0.356276,0.4,0.34831,0.3574,3756066.2248012703
2018-02-28,0.356,0.365976,0.33,0.330001,2639288.25532933
2018-03-01,0.3310099999999999,0.359,0.31,0.340579,2932709.18970585
2018-03-02,0.335611,0.34,0.317704,0.32,2404601.9727133103
2018-03-03,0.32,0.35,0.31101,0.3473989999999999,4029493.83834998
2018-03-04,0.348499,0.366598,0.337522,0.363,4739527.20592468
2018-03-05,0.362952,0.41,0.348,0.348,7234293.94778388
2018-03-06,0.348,0.3684989999999999,0.32,0.3329,4643565.03974862
2018-03-07,0.3335,0.349999,0.29,0.3251679999999999,8595334.27710327
2018-03-08,0.32336,0.33988,0.300002,0.3064989999999999,4294331.29192527
2018-03-09,0.3065,0.3124989999999999,0.260401,0.305571,9583623.561537499
2018-03-10,0.307,0.318296,0.281001,0.287913,3551567.6368421
2018-03-11,0.285,0.304698,0.270051,0.301762,2350506.71164442
2018-03-12,0.302,0.3085,0.277101,0.286,2623357.23753325
2018-03-13,0.2873989999999999,0.29824,0.2767,0.2851,1671756.63198207
2018-03-14,0.28923,0.29679,0.233206,0.242892,6324235.3409752
2018-03-15,0.2435,0.24774,0.204004,0.238042,8522534.62455055
2018-03-16,0.2390989999999999,0.2418,0.2210010000000001,0.2305,3715971.75896623
2018-03-17,0.2294969999999999,0.2346099999999999,0.197074,0.206304,4845994.59719314
2018-03-18,0.203,0.222,0.157,0.2192989999999999,20199538.43130581
2018-03-19,0.2192989999999999,0.258,0.20711,0.2479,9525573.91588581
2018-03-20,0.245801,0.2848989999999999,0.231201,0.2668,7541043.98019639
2018-03-21,0.26528,0.2722,0.2438949999999999,0.250104,8806146.73369052
2018-03-22,0.2486,0.256499,0.2230010000000001,0.24124,5942460.70543998
2018-03-23,0.2413,0.2413,0.2221,0.23596,5882082.33110795
2018-03-24,0.238,0.245,0.2313,0.2318,3178006.91091656
2018-03-25,0.2313,0.24368,0.2292,0.2394030000000001,2511474.14439125
2018-03-26,0.239697,0.245,0.213001,0.2276,4882169.5214315
2018-03-27,0.226061,0.22955,0.2012,0.2147030000000001,8077367.36554512
2018-03-28,0.2136489999999999,0.22609,0.213,0.2181989999999999,2182894.56792581
2018-03-29,0.2185,0.219551,0.183001,0.189005,12500431.82934064
2018-03-30,0.189278,0.19983,0.172771,0.184274,8445166.32338207
2018-03-31,0.186193,0.2217,0.186193,0.203963,5306984.18131845
2018-04-01,0.206091,0.210469,0.177345,0.204,5581369.83273936
2018-04-02,0.2048,0.235,0.202001,0.223399,10080381.12269633
2018-04-03,0.223396,0.2379599999999999,0.2230199999999999,0.230028,8669083.51115204
2018-04-04,0.230541,0.233594,0.1986,0.202597,8866038.67196207
2018-04-05,0.2021,0.2071,0.19,0.1955,9357313.71855527
2018-04-06,0.19625,0.19895,0.1879,0.192684,2721626.14492283
2018-04-07,0.192991,0.20769,0.19152,0.20074,4491887.92363308
2018-04-08,0.202093,0.209998,0.200203,0.2049,968736.99071982
2018-04-09,0.205954,0.213817,0.19047,0.195331,3182140.61381788
2018-04-10,0.19683,0.2048989999999999,0.194843,0.198008,2222266.49538134
2018-04-11,0.199097,0.214,0.19612,0.2134,7096578.748468339
2018-04-12,0.2125,0.247769,0.20558,0.246448,13752969.46377177
2018-04-13,0.2463,0.2705869999999999,0.23248,0.247083,14018360.54786182
2018-04-14,0.246389,0.264509,0.24122,0.254944,3135654.7970796903
2018-04-15,0.255,0.3045,0.253997,0.295,10331189.96784081
2018-04-16,0.296599,0.30929,0.270001,0.2859,8597944.59015986
2018-04-17,0.2859,0.32,0.2615,0.3008,15248975.88295429
2018-04-18,0.3004,0.35988,0.2918,0.3538,13529057.29056249
2018-04-19,0.354699,0.38,0.346,0.3673,16006621.56766708
2018-04-20,0.3669989999999999,0.401878,0.3145,0.3929999999999999,19901918.54341557
2018-04-21,0.3929999999999999,0.40246,0.342,0.3733,7106949.23140603
2018-04-22,0.373199,0.3867,0.361805,0.366083,3692451.21597294
2018-04-23,0.363721,0.37888,0.363125,0.3733,2567240.17122153
2018-04-24,0.37331,0.41,0.369645,0.39751,8448758.54114718
2018-04-25,0.3940010000000001,0.40244,0.32101,0.3362,15030213.314475581
2018-04-26,0.3356659999999999,0.386888,0.32683,0.385,7986168.75388195
2018-04-27,0.384999,0.42438,0.3811489999999999,0.382,9381181.76699899
2018-04-28,0.384797,0.4344399999999999,0.315,0.429635,8702884.42678702
2018-04-29,0.4269199999999999,0.462,0.41389,0.456,7672321.27656078
2018-04-30,0.456,0.458887,0.4111,0.424,3861762.69665107
2018-05-01,0.423738,0.4666,0.3877,0.43972,12202568.84875915
2018-05-02,0.439989,0.4499899999999999,0.43,0.4397,4720510.08535617
2018-05-03,0.4399869999999999,0.44469,0.425,0.436,9027316.056783
2018-05-04,0.4368899999999999,0.4411899999999999,0.42,0.4295,3358265.27870412
2018-05-05,0.4298949999999999,0.44065,0.4209699999999999,0.4331899999999999,2762277.83099929
2018-05-06,0.428,0.434,0.4,0.408488,3246374.28739485
2018-05-07,0.4092445,0.4139,0.372349,0.394192,5074488.47519687
2018-05-08,0.39419,0.41231,0.37095,0.38229,4581541.45397382
2018-05-09,0.379501,0.3915,0.35335,0.37,5255217.93924509
2018-05-10,0.370014,0.3838,0.3453199999999999,0.3457,3274375.4009367498
2018-05-11,0.3483179999999999,0.35559,0.29331,0.31,12161694.32974578
2018-05-12,0.311769,0.36528852,0.29600767,0.3566,7919745.56524318
2018-05-13,0.3570305,0.37899,0.34908,0.3690199999999999,4952370.57269754
2018-05-14,0.369001,0.38,0.33631,0.36399,5944194.82472697
2018-05-15,0.36369,0.371983,0.34000846,0.34089,4971059.81924885
2018-05-16,0.3405,0.3424,0.31511007,0.33021,10063671.2249655
2018-05-17,0.33251,0.34369,0.3023699999999999,0.3076,2954308.85809497
2018-05-18,0.3047,0.3193,0.2988429999999999,0.316105,2671222.2309303
2018-05-19,0.317,0.32719,0.3066,0.31244,1880263.19865167
2018-05-20,0.31268,0.33326,0.31211,0.3295,4326725.9652534
2018-05-21,0.326505,0.3302,0.307002,0.31324,2584515.16494998
2018-05-22,0.31059,0.31999,0.29029,0.2915105,4119626.6630888702
2018-05-23,0.29353,0.29424,0.263,0.2759935,5491597.20719251
2018-05-24,0.2748485,0.3,0.26525,0.2897,10305895.24262501
2018-05-25,0.2942,0.3037,0.2811,0.2867699999999999,4187512.71696864
2018-05-26,0.286929,0.297639,0.27686525,0.2832,1557730.72152185
2018-05-27,0.2831,0.283396,0.269712,0.2739999999999999,6626487.24607779
2018-05-28,0.2736535,0.276869,0.247549,0.2476719999999999,3495184.6290496197
2018-05-29,0.24831,0.286219,0.2451,0.282699,8143835.87390677
2018-05-30,0.2821,0.29439,0.264,0.27451829,8402459.24415541
2018-05-31,0.2757,0.312,0.271001,0.296636,6986329.058840251
2018-06-01,0.29605,0.298,0.27889,0.28863,22572766.41713935
2018-06-02,0.28869,0.30489,0.286585,0.2974,26142592.81472477
2018-06-03,0.29741,0.312,0.295771,0.30405,28164913.0087138
2018-06-04,0.30406,0.31104,0.28371,0.2908,21503159.55036866
2018-06-05,0.29022,0.29947169,0.27801,0.29403,17592202.44230964
2018-06-06,0.293465,0.3058,0.282001,0.2995,17511554.65580017
2018-06-07,0.29959,0.30656,0.28925,0.29298,19814856.59198243
2018-06-08,0.29209,0.297,0.28471,0.28698,21238910.63714404
2018-06-09,0.28698,0.2917619999999999,0.2777699999999999,0.27993,19122152.854946602
2018-06-10,0.2802699999999999,0.287,0.23005,0.2451545,30873334.55820379
2018-06-11,0.2446266666666666,0.258,0.21,0.252415,21244574.04826521
2018-06-12,0.253082,0.2534619999999999,0.213,0.2271699999999999,21191468.361829452
2018-06-13,0.22626,0.23056,0.20331,0.2184,22450656.79942376
2018-06-14,0.2184,0.29,0.21641,0.2399,30193984.811505582
2018-06-15,0.23993,0.24238,0.22799,0.22899,20844303.26762529
2018-06-16,0.22883,0.2354300000000001,0.2223099999999999,0.22953,16289845.52926463
2018-06-17,0.2299,0.2338199999999999,0.22571,0.22814,14820050.18372108
2018-06-18,0.22815,0.25,0.21955,0.23262,20814327.03394835
2018-06-19,0.2330199999999999,0.241246,0.22979,0.23456,17299262.58751806
2018-06-20,0.23469,0.23699,0.22341,0.23067,17554777.86135065
2018-06-21,0.23099,0.24,0.2243,0.22643,17323863.67463055
2018-06-22,0.2264199999999999,0.227548,0.19028,0.2004,27491801.00896177
2018-06-23,0.20015,0.20543,0.195,0.202043,15714155.22696503
2018-06-24,0.20236,0.20268,0.17607,0.19277,29738710.78973399
2018-06-25,0.19278,0.20343,0.18663,0.19751,26748158.8421113
2018-06-26,0.19751,0.19849,0.182,0.18345,16549662.16160635
2018-06-27,0.18294,0.19367,0.18028,0.19036,17426909.7968269
2018-06-28,0.1910099999999999,0.1935,0.17462,0.1768999999999999,20653875.24272003
2018-06-29,0.1772043333333333,0.19,0.17062,0.18653,27643808.03174851
2018-06-30,0.187005,0.204,0.184999,0.19319,30185745.02167048
2018-07-01,0.19295,0.2019999999999999,0.188501,0.19989,26924065.45746124
2018-07-02,0.1997,0.21832,0.193,0.21483,34403005.31103647
2018-07-03,0.21483,0.22289,0.20178,0.2050795,36684087.5385745
2018-07-04,0.2053,0.2323,0.2003309999999999,0.210628,17346556.99111035
2018-07-05,0.21065,0.21572,0.1971369999999999,0.2006099999999999,20787469.61752515
2018-07-06,0.2006,0.21081,0.19535,0.2068,19557593.138924953
2018-07-07,0.20676,0.20911,0.1987,0.20836,22979053.97005115
2018-07-08,0.20786,0.219079,0.2064,0.21033,30353990.2598571
2018-07-09,0.21034,0.215,0.20475,0.206375,24009693.015740052
2018-07-10,0.2058666666666666,0.208988,0.19011,0.19086,23768886.24340072
2018-07-11,0.19087,0.19665,0.183387,0.189272,29765696.78264168
2018-07-12,0.1898099999999999,0.1898099999999999,0.1801019999999999,0.18424,24265031.16850102
2018-07-13,0.18423,0.2189999999999999,0.1818,0.2064565,33744207.01433572
2018-07-14,0.2059105,0.21497,0.196596,0.2085,28776966.32871123
2018-07-15,0.2086266666666666,0.22535,0.20595,0.22118,35718484.55938061
2018-07-16,0.22114,0.2399949999999999,0.21894,0.239684,36835001.43884275
2018-07-17,0.23851,0.263,0.22821,0.25373,49845796.081053466
2018-07-18,0.25417,0.331,0.2529,0.2983395,142894938.45266557
2018-07-19,0.29773,0.33,0.27899,0.30569,145887687.15034917
2018-07-20,0.30569,0.3065,0.26261,0.26883,98781479.26431341
2018-07-21,0.26884,0.29775,0.255,0.293145,65583817.58463651
2018-07-22,0.29304,0.30779,0.27959,0.2831,67115116.60616717
2018-07-23,0.28303,0.315,0.28014,0.28623,60098915.3166049
2018-07-24,0.286,0.306996,0.28049,0.3005166666666667,59973785.12320174
2018-07-25,0.300545,0.35254,0.29413,0.3324056666666666,95874020.6387404
2018-07-26,0.3339999999999999,0.35048,0.292453,0.308886,114399842.49135736
2018-07-27,0.3081,0.32802,0.294425,0.3176665,68908889.00451197
2018-07-28,0.3176715,0.3246199999999999,0.307056,0.3146703333333333,31738223.02246378
2018-07-29,0.31595,0.3200199999999999,0.3036,0.30793,28281448.6503538
2018-07-30,0.30793,0.30849,0.27,0.29466,50370038.64098646
2018-07-31,0.29459,0.29569,0.26404,0.278165,51772809.08534557
2018-08-01,0.2764185,0.285,0.2624039999999999,0.27684,50842889.30035334
2018-08-02,0.27683,0.2833699999999999,0.25754,0.2594599999999999,41970288.79348491
2018-08-03,0.25961,0.269802,0.245,0.25564,54718133.312003285
2018-08-04,0.256247,0.2619599999999999,0.230402,0.23886,45739573.56758935
2018-08-05,0.23909,0.24932532,0.2327219999999999,0.24305,20140150.62154152
2018-08-06,0.24309,0.24793,0.227919,0.23314,36292234.848308645
2018-08-07,0.23295,0.247,0.22401,0.22799,46916411.16889199
2018-08-08,0.22799,0.22799,0.19319,0.1970049999999999,59192089.18966379
2018-08-09,0.1976099999999999,0.2284199999999999,0.1965,0.22065,61607382.77754
2018-08-10,0.2210733333333333,0.247,0.2110179999999999,0.222338,113564432.01411423
2018-08-11,0.22253,0.2279989999999999,0.198,0.21629,86737362.31911892
2018-08-12,0.21599,0.22999,0.21384,0.22345,62284252.79503118
2018-08-13,0.2234199999999999,0.244852,0.21852,0.22174,91468488.85134195
2018-08-14,0.2216,0.22161,0.19399,0.21663,95366029.30502209
2018-08-15,0.2168699999999999,0.23888,0.2129989999999999,0.21475,81384424.06950775
2018-08-16,0.21475,0.22199,0.20786,0.2145099999999999,44788261.44667936
2018-08-17,0.21478,0.240844,0.213522,0.239745,64555740.300699934
2018-08-18,0.2400139999999999,0.24745475,0.216923,0.22188,51746495.09100938
2018-08-19,0.2228095,0.235382,0.21921,0.22785,38206594.2716657
2018-08-20,0.22913,0.233317,0.21,0.21134,40679839.49670758
2018-08-21,0.2121435,0.22113,0.21115,0.21898,30585194.82419539
2018-08-22,0.21896,0.2310699999999999,0.19751,0.2079305,45805439.2434074
2018-08-23,0.207755,0.217453,0.207242,0.21694,34215819.16766195
2018-08-24,0.21694,0.22,0.21093,0.218323,28141318.14444944
2018-08-25,0.21902,0.220248,0.214083,0.2178699999999999,33878869.05444653
2018-08-26,0.2178699999999999,0.21878,0.208,0.213,34081102.14705395
2018-08-27,0.2129,0.2289999999999999,0.2122,0.22728,44397653.81452759
2018-08-28,0.22759,0.240788,0.22333,0.23528,64783405.32952871
2018-08-29,0.236115,0.236879,0.21955,0.2262,55950740.542385705
2018-08-30,0.2255199999999999,0.229123,0.21268,0.22169,39610610.970273115
2018-08-31,0.2228099999999999,0.2245199999999999,0.215003,0.22282,35682475.264325954
2018-09-01,0.22275,0.2356,0.22213,0.22991,45984872.92629916
2018-09-02,0.22951,0.23292,0.222013,0.226,33615130.04650153
2018-09-03,0.226,0.22873,0.2170099999999999,0.22061,33880252.07456136
2018-09-04,0.2206199999999999,0.23606,0.217376,0.2314535,50453089.22210507
2018-09-05,0.232505,0.23499,0.201036,0.20335,64466480.593774244
2018-09-06,0.202791,0.21083,0.19138,0.208,53577946.07508862
2018-09-07,0.20784,0.21355,0.19552,0.20593,39092139.39711692
2018-09-08,0.20581,0.2084,0.1880599999999999,0.19328,33620158.20232456
2018-09-09,0.19328,0.19989,0.1875,0.189655,35274593.19879426
2018-09-10,0.189635,0.1948599999999999,0.18,0.19011,35211051.01262438
2018-09-11,0.1902599999999999,0.2107,0.18179,0.199705,70414468.00941303
2018-09-12,0.20046,0.21,0.1839,0.19672,70069648.26784836
2018-09-13,0.19685,0.213056,0.1967,0.2058,55716766.37758573
2018-09-14,0.205943,0.20968,0.1961099999999999,0.20056,38946950.126924545
2018-09-15,0.20056,0.20621,0.19915,0.20204,27562001.66373624
2018-09-16,0.2023599999999999,0.2093199999999999,0.19684,0.2058,32591179.83322877
2018-09-17,0.20668,0.2098199999999999,0.192268,0.1952665,36644921.79184553
2018-09-18,0.19522,0.21565,0.18775,0.2066599999999999,50142523.91975472
2018-09-19,0.2069,0.21272,0.1981,0.2063199999999999,37067711.01062349
2018-09-20,0.20672,0.2479989999999999,0.205,0.2317003333333333,80015664.49959089
2018-09-21,0.231735,0.28047,0.2308599999999999,0.248675,168474880.94555748
2018-09-22,0.2488703333333333,0.252,0.23003,0.24018,56880168.28320048
2018-09-23,0.239301,0.305,0.23804,0.281796,231341175.66361257
2018-09-24,0.281915,0.2835,0.25113,0.25856,120337282.51464424
2018-09-25,0.25876,0.2591,0.229634,0.253,131946661.82090199
2018-09-26,0.25306,0.259284,0.236944,0.24353,87961142.30229981
2018-09-27,0.24355,0.2689,0.24261,0.2601365,83419033.30525026
2018-09-28,0.25972,0.2665,0.2474599999999999,0.2528765,53156503.169711724
2018-09-29,0.253354,0.26288,0.2420949999999999,0.2544735,32343886.275100645
2018-09-30,0.2544505,0.265,0.25,0.2596974999999999,49913228.17174221
2018-10-01,0.2597275,0.2648,0.250613,0.2596675,55450669.9781877
2018-10-02,0.2596495,0.263,0.2451,0.24685,45635177.47766993
2018-10-03,0.2472116666666667,0.2491699999999999,0.23349822,0.2414123333333333,45807596.16978907
2018-10-04,0.2418284999999999,0.262,0.2389,0.2444094999999999,38229052.2722655
2018-10-05,0.244423,0.25,0.238889,0.247694,37684474.96755862
2018-10-06,0.2469703333333333,0.24845,0.237201,0.241479,35578435.322219364
2018-10-07,0.2414805,0.24569,0.236811,0.2449935,34135321.46814978
2018-10-08,0.2448235,0.2519099999999999,0.24,0.2499195,45172413.90535354
2018-10-09,0.2499844999999999,0.25134,0.241209,0.2479065,39199020.33312745
2018-10-10,0.2477514999999999,0.24899,0.237523,0.243055,32469793.059248555
2018-10-11,0.243158,0.243387,0.166,0.2051693333333333,73234459.86347255
2018-10-12,0.2072925,0.222183,0.201507,0.2158095,35616241.936745994
2018-10-13,0.215828,0.22097593,0.211524,0.2163199999999999,31802826.00090937
2018-10-14,0.2146913333333333,0.2196929999999999,0.204408,0.2093013333333333,35931309.20246089
2018-10-15,0.2109235,0.25128,0.20318,0.2293515,73281410.42822836
2018-10-16,0.2293059999999999,0.238784,0.217951,0.23675,33394872.88417366
2018-10-17,0.23674,0.25374,0.22523,0.2497599999999999,51588158.13675565
2018-10-18,0.2458856666666667,0.2559,0.226788,0.2455563333333333,44312980.781468585
2018-10-19,0.2428986666666667,0.252999,0.232123,0.25008,31484405.48026803
2018-10-20,0.248307,0.262,0.2410139999999999,0.252025,38682049.434098355
2018-10-21,0.249901,0.256105,0.241256,0.2477855,32921979.53814356
2018-10-22,0.2455806666666667,0.251627,0.237778,0.248398,24340863.211109
2018-10-23,0.248239,0.253235,0.236602,0.245552,19437943.707797024
2018-10-24,0.24555,0.248554,0.2348260000000001,0.2414125,17327346.558956932
2018-10-25,0.241342,0.247387,0.232123,0.2389349999999999,11745808.95076229
2018-10-26,0.2368133333333333,0.2404349999999999,0.23,0.237239,11014814.615060695
2018-10-27,0.2372655,0.238433,0.2275,0.231,12552475.270310642
2018-10-28,0.2295614999999999,0.238314,0.226897,0.2343849999999999,11576881.899833415
2018-10-29,0.234625,0.2360679999999999,0.214003,0.223217,17199019.43672366
2018-10-30,0.2220683333333333,0.228065,0.2189999999999999,0.2234719999999999,11333785.047474982
2018-10-31,0.2235965,0.227751,0.215256,0.2270305,14856574.663330702
2018-11-01,0.227241,0.22768,0.2212,0.225506,9799285.08265737
2018-11-02,0.226068,0.244573,0.224001,0.2384099999999999,19598032.447520982
2018-11-03,0.23838,0.24499,0.2334,0.2370476666666666,16462363.131238485
2018-11-04,0.2367679999999999,0.25198,0.234051,0.2445166666666667,28162054.964296233
2018-11-05,0.245772,0.24959,0.237,0.2480943333333333,20169690.265694745
2018-11-06,0.2482486666666667,0.27199,0.247101,0.2678263333333333,61265838.05172127
2018-11-07,0.2686949999999999,0.27152,0.252359,0.259077,45076661.72991138
2018-11-08,0.258503,0.268957,0.248,0.25825,51716039.649823666
2018-11-09,0.2581713333333333,0.268847,0.250527,0.258226,43038849.18739959
2018-11-10,0.257165,0.26753058,0.2540409999999999,0.2648,18769596.139112003
2018-11-11,0.2636663333333333,0.281,0.260126,0.277054,71623417.79789592
2018-11-12,0.2763593333333333,0.288,0.264839,0.2713385,61944041.29453688
2018-11-13,0.2695693333333334,0.275523,0.252,0.261526,47789477.83106132
2018-11-14,0.2617143333333333,0.26234,0.210496,0.2365153333333333,105024365.31074362
2018-11-15,0.23763475,0.25229,0.208,0.24297025,102153431.19260457
2018-11-16,0.2432075,0.253444,0.229681,0.2393906666666667,100835786.21547678
2018-11-17,0.2396563333333333,0.25117,0.230006,0.2484375,64724492.871885814
2018-11-18,0.246484,0.2587,0.2425659999999999,0.253219,63860273.68797908
2018-11-19,0.253057,0.2535699999999999,0.218768,0.2284105,126489915.66473301
2018-11-20,0.2279533333333333,0.23626,0.176036,0.1980725,189271089.49911213
2018-11-21,0.1948599999999999,0.2157099999999999,0.176325,0.2060519999999999,118517223.60550772
2018-11-22,0.204362,0.2087699999999999,0.1815109999999999,0.18570175,76655930.7716422
2018-11-23,0.1855143333333333,0.192,0.171775,0.184151,96677294.87114273
2018-11-24,0.184005,0.18989,0.1411619999999999,0.15669861,152757248.33854765
2018-11-25,0.15467,0.177777,0.127154,0.1611856666666666,229622356.37705302
2018-11-26,0.1611166666666666,0.16816803,0.132708,0.1460596666666666,177746504.13803568
2018-11-27,0.147802,0.15149,0.134075,0.145617,94052932.87015997
2018-11-28,0.146751,0.1686099999999999,0.142721,0.1610484999999999,101362550.2957601
2018-11-29,0.1610915,0.17455,0.152,0.1650415,93530215.56509645
2018-11-30,0.1644763333333333,0.17465,0.150745,0.159947,105688231.67113851
2018-12-01,0.15997,0.17189,0.155,0.1645569999999999,60546745.97692422
2018-12-02,0.1646305,0.16989,0.156712,0.1599736666666666,47672601.08900436
2018-12-03,0.1609475,0.16221,0.1451039999999999,0.1489435,53572453.88756881
2018-12-04,0.1482263333333333,0.15544838,0.141246,0.146915,45530494.32288965
2018-12-05,0.146273,0.14847,0.129364,0.1339265,47390195.54947361
2018-12-06,0.133765,0.13896,0.10117,0.11744525,65217505.06476269
2018-12-07,0.1171653333333333,0.126,0.104584,0.1144926666666666,103729922.22950935
2018-12-08,0.114895,0.12674,0.1096099999999999,0.116104,77742116.92061616
2018-12-09,0.1160945,0.12945,0.1135099999999999,0.1210286666666666,43756028.65450433
2018-12-10,0.1210905,0.1261,0.112844,0.1155835,42249521.72585591
2018-12-11,0.1156934999999999,0.1194214999999999,0.109599,0.1117516666666666,33479729.940737482
2018-12-12,0.1117609999999999,0.1190099999999999,0.1092099999999999,0.1132573333333333,29606324.573436882
2018-12-13,0.1131013333333333,0.11547,0.101387,0.1042793333333333,36406104.62809351
2018-12-14,0.104815,0.1062299999999999,0.092632,0.096555,51930121.13193805
2018-12-15,0.096509,0.10065,0.09093,0.0945715,36133981.39105579
2018-12-16,0.0942666666666666,0.10275,0.093204,0.0955715,31043610.886706118
2018-12-17,0.0956125,0.11655,0.0944,0.1086935,66668390.86827798
2018-12-18,0.1086065,0.11789864,0.104488,0.11462975,79312025.82740635
2018-12-19,0.1137916666666666,0.13,0.111452,0.1117585,144382765.28722015
2018-12-20,0.1131316666666666,0.13062,0.11001,0.1244716666666666,105647254.86825342
2018-12-21,0.1241525,0.13837,0.114493,0.11946675,136042289.5189641
2018-12-22,0.118479,0.12665,0.1146599999999999,0.1203753333333333,77669035.54826
2018-12-23,0.120001,0.1335,0.119,0.124636,102837457.16747172
2018-12-24,0.124651,0.14762,0.12437,0.1318993333333333,163321832.4828551
2018-12-25,0.1306275,0.13452,0.11392,0.1191455,71272848.23201333
2018-12-26,0.1185405,0.12787,0.1125099999999999,0.118466,61687106.41648832
2018-12-27,0.1184205,0.12204,0.10595,0.1074496666666666,40755837.68085119
2018-12-28,0.107263,0.12735,0.106022,0.118754,49707919.084166475
2018-12-29,0.1187425,0.12634,0.113921,0.115943,32251512.731051397
2018-12-30,0.1146913333333333,0.12242,0.11115,0.1157216666666666,40400886.03440924
2018-12-31,0.11714725,0.1212299999999999,0.108003,0.1099859999999999,44860189.90140895
2019-01-01,0.10994,0.11955,0.1083079999999999,0.1134849999999999,25560434.079060055
2019-01-02,0.1137525,0.1241099999999999,0.1115,0.1166215,34139996.143666126
2019-01-03,0.1169183333333333,0.12283,0.11017,0.111589,38522121.00031178
2019-01-04,0.111568,0.11859,0.10922,0.112649,36423506.37724312
2019-01-05,0.112658,0.11917,0.11109,0.1115155,38576041.367017716
2019-01-06,0.1116154999999999,0.12544,0.1104599999999999,0.1187425,52746797.987100594
2019-01-07,0.118802,0.12988,0.118264,0.1225506666666666,79485547.21889146
2019-01-08,0.1235903333333333,0.12936,0.1177,0.1214845,71096503.68878232
2019-01-09,0.1215305,0.12822,0.1199799999999999,0.1226833333333333,52002444.867952585
2019-01-10,0.122753,0.13222,0.10121,0.1059405,115574579.30013219
2019-01-11,0.105949,0.1109,0.10125,0.1038895,65509529.88688952
2019-01-12,0.10413,0.1081599999999999,0.1024099999999999,0.104527,38658650.83638889
2019-01-13,0.1047555,0.1147871,0.09838,0.101015,77605561.4242054
2019-01-14,0.1010549999999999,0.11308,0.100926,0.107235,58110822.49009663
2019-01-15,0.107256,0.11188,0.10227,0.1047523333333333,39312393.20437226
2019-01-16,0.103805,0.11072,0.10335,0.10555,23322394.101397306
2019-01-17,0.1057533333333333,0.11159,0.1024,0.10712,41684843.33774439
2019-01-18,0.1075385,0.11018,0.104247,0.1054175,19342876.967687923
2019-01-19,0.105576,0.113,0.1052099999999999,0.106745,38162107.14305434
2019-01-20,0.10655,0.1105599999999999,0.10067,0.102785,48262181.64485014
2019-01-21,0.10284,0.1051599999999999,0.09974,0.1013925,35159571.62569516
2019-01-22,0.1014375,0.10543,0.0982779999999999,0.102129,40787245.20560606
2019-01-23,0.1020799999999999,0.10507,0.098088,0.1006659999999999,28771730.365837406
2019-01-24,0.1007179999999999,0.10416784,0.099254,0.101005,21749909.83124521
2019-01-25,0.1009875,0.10338,0.0975299999999999,0.0995105,23955991.534062788
2019-01-26,0.0994615,0.10538137,0.09634,0.0981695,54767690.7581228
2019-01-27,0.098112,0.10008,0.092746,0.094289,61745033.43399357
2019-01-28,0.09434,0.09471,0.08305,0.0857945,70850745.8399679
2019-01-29,0.0857695,0.0881059999999999,0.080199,0.0822804999999999,66431758.917382516
2019-01-30,0.0822389999999999,0.0891,0.0804309999999999,0.0849253333333333,68146491.63831486
2019-01-31,0.0851595,0.089864,0.0804,0.0811865,65063699.34728746
2019-02-01,0.081487,0.088095,0.078109,0.0808895,61409602.36151694
2019-02-02,0.0809044999999999,0.084972,0.079779,0.082991,31802952.8548284
2019-02-03,0.0830765,0.083951,0.077155,0.08018,34168395.72129578
2019-02-04,0.080162,0.0819169999999999,0.077581,0.07862,36129402.293322414
2019-02-05,0.078605,0.079394,0.075251,0.0770705,47054650.54135599
2019-02-06,0.077161,0.0782419999999999,0.06651,0.074227,60332650.98719364
2019-02-07,0.0742005,0.0778529999999999,0.071,0.0742065,53012726.21254038
2019-02-08,0.074226,0.084999,0.0724269999999999,0.0814015,98686825.69296093
2019-02-09,0.0814309999999999,0.083998,0.078559,0.0807295,69759582.35162687
2019-02-10,0.0807485,0.082558,0.075233,0.080079,101617979.22671291
2019-02-11,0.080257,0.0821,0.075713,0.0770319999999999,56476196.47724415
2019-02-12,0.0770849999999999,0.079575,0.074036,0.0772014999999999,73609162.10269415
2019-02-13,0.07721,0.080229,0.074772,0.0762385,39359179.07786927
2019-02-14,0.0760353333333333,0.07798,0.074051,0.0758563333333333,50843158.00184188
2019-02-15,0.0762684999999999,0.083,0.075045,0.079195,99236401.82805781
2019-02-16,0.079244,0.081217,0.076956,0.0781014999999999,36336640.97649416
2019-02-17,0.07851,0.081899,0.07665,0.0796149999999999,41051906.51524587
2019-02-18,0.0795955,0.086262,0.078274,0.0836445,106239546.10309762
2019-02-19,0.08359,0.094937,0.08238,0.0897554999999999,210748025.14328453
2019-02-20,0.0896586666666666,0.098,0.08542,0.092726,127127057.08847882
2019-02-21,0.092539255,0.096471,0.087,0.0886395,93771396.45129687
2019-02-22,0.0886755,0.0934509999999999,0.087794,0.0910495,45466985.856726386
2019-02-23,0.0904823333333333,0.098799,0.088532,0.09426575,67286576.82717438
2019-02-24,0.0939155,0.099395,0.08017,0.0818595,133058646.31603381
2019-02-25,0.0819195,0.091316,0.08171,0.0860185,80157766.29798725
2019-02-26,0.0860124999999999,0.089098,0.083001,0.0843985,52511372.48060454
2019-02-27,0.084356,0.087491,0.080491,0.084104,50527554.81501645
2019-02-28,0.0841264999999999,0.087953,0.08226,0.0844304999999999,33221047.91828127
2019-03-01,0.08448,0.0884139999999999,0.083619,0.084687,31114746.188793845
2019-03-02,0.0847045,0.088082,0.08224,0.0834936666666666,24250201.681225024
2019-03-03,0.0835393333333333,0.091437,0.082207,0.087516,69410339.15741679
2019-03-04,0.0875809999999999,0.089145,0.079001,0.08199,65608609.076524265
2019-03-05,0.0825806666666666,0.0880789999999999,0.08054,0.0862586666666666,50933573.78320322
2019-03-06,0.085641,0.0878,0.08347,0.0852173333333333,36812881.89417386
2019-03-07,0.0846165,0.087873,0.0836799999999999,0.08519,30624263.101239424
2019-03-08,0.08519,0.0918409999999999,0.0847,0.0862925,74569183.27053738
2019-03-09,0.0860743333333333,0.0939909999999999,0.085259,0.0902505,69587278.0885129
2019-03-10,0.0903409999999999,0.1086,0.0892299999999999,0.10073775,233383865.6597428
2019-03-11,0.1003015,0.11155,0.098746,0.1019575,271694563.30431986
2019-03-12,0.1019815,0.10984928,0.095649,0.1057855,152144645.55024114
2019-03-13,0.1054105,0.1144,0.100093,0.1091535,143283443.05816692
2019-03-14,0.1089399999999999,0.11489,0.10463,0.1063313333333333,157181699.58813953
2019-03-15,0.106449,0.11059,0.102741,0.1061919999999999,81683011.16205741
2019-03-16,0.1061606666666666,0.1119599999999999,0.10575,0.10837,122284315.3907453
2019-03-17,0.1083595,0.11126,0.105683,0.1089445,54314519.05800666
2019-03-18,0.1089369999999999,0.12222,0.1055059999999999,0.1158766666666666,175369068.6976989
2019-03-19,0.11588,0.12113,0.109623,0.1119023333333333,187409723.09651276
2019-03-20,0.1119156666666666,0.11495,0.106831,0.108771,142204188.52022046
2019-03-21,0.108888,0.11216,0.09963,0.1055319999999999,136275250.4198755
2019-03-22,0.10547225,0.11193,0.10395,0.10816175,89600962.2562816
2019-03-23,0.108108,0.1108799999999999,0.1051599999999999,0.106769,79812919.01480526
2019-03-24,0.10711375,0.1084,0.10297,0.1042283333333333,68439146.27561992
2019-03-25,0.1043839999999999,0.10636,0.09817,0.0999796666666666,103707710.44109055
2019-03-26,0.099873,0.105499,0.096,0.102651,105361579.56644711
2019-03-27,0.102477,0.11167,0.10141,0.108119,104932479.09614618
2019-03-28,0.1077563999999999,0.10904,0.102795,0.10631875,77925498.62473418
2019-03-29,0.10625025,0.11,0.1051849999999999,0.1072916666666666,80517328.56080246
2019-03-30,0.107346,0.1096299999999999,0.1042,0.10718,78116759.87056932
2019-03-31,0.1070776666666666,0.10973,0.1058,0.108158,54816569.55100455
2019-04-01,0.1082463333333333,0.1145,0.106998,0.1102506666666666,106533059.82162614
2019-04-02,0.1102656666666666,0.1243099999999999,0.1091,0.1216753333333333,237961092.53365186
2019-04-03,0.1217863333333333,0.13899,0.11,0.12104725,286829109.03041273
2019-04-04,0.120684,0.125763,0.1136269999999999,0.117669,137608746.17002264
2019-04-05,0.1173883333333333,0.13159,0.11709,0.1273673333333333,137212146.08896917
2019-04-06,0.1273486666666667,0.13,0.11757,0.1249803333333333,117726839.8382084
2019-04-07,0.1247883333333333,0.13572,0.122948,0.132609,135819705.42753005
2019-04-08,0.132424,0.136945,0.123,0.1302086666666666,151516437.42336643
2019-04-09,0.1301056666666666,0.132127,0.122472,0.1244876666666666,102299049.9617779
2019-04-10,0.1245183333333333,0.131152,0.1235599999999999,0.1260056666666666,99831198.267873
2019-04-11,0.1258946666666666,0.12713,0.10915,0.1148965,132781903.38052385
2019-04-12,0.11482275,0.1189819999999999,0.10864,0.113215,100988595.69403732
2019-04-13,0.11361175,0.11795,0.1118599999999999,0.1153183333333333,70614464.58586949
2019-04-14,0.1152913333333333,0.11963,0.11287,0.117568,98249754.92578028
2019-04-15,0.1178156,0.1204099999999999,0.11,0.1124753333333333,106165489.49016625
2019-04-16,0.112618946,0.14,0.110293,0.1146343333333333,65144929.068508185
2019-04-17,0.1147355,0.11886,0.1132069999999999,0.1166786666666666,75904191.3140768
2019-04-18,0.11687025,0.12074,0.1137059999999999,0.117455,78974524.4441561
2019-04-19,0.1173973333333333,0.11845,0.114,0.1152273333333333,76377275.86690114
2019-04-20,0.1151446666666666,0.119255,0.113,0.1154383333333333,68855064.03477676
2019-04-21,0.1154393333333333,0.1161789999999999,0.1074,0.1112196666666666,84571584.15124393
2019-04-22,0.1112036666666666,0.11562,0.108324,0.1125153333333333,81571181.03572398
2019-04-23,0.1125036666666666,0.1145299999999999,0.108171,0.108895,94824396.30266403
2019-04-24,0.109214,0.11,0.097716,0.10262975,137130872.32520583
2019-04-25,0.1025853333333333,0.1066599999999999,0.093002,0.0980696666666666,129744387.45293093
2019-04-26,0.0981329999999999,0.106804,0.094472,0.0998255,127510000.96737224
2019-04-27,0.0991826,0.10453,0.096364,0.0995726666666666,111792305.98917581
2019-04-28,0.099586,0.1048,0.095045,0.097661,92260429.30239436
2019-04-29,0.0976876666666666,0.10375,0.093001,0.0950776666666666,92001280.79998334
2019-04-30,0.09478225,0.10637,0.09344,0.1003179999999999,89592616.18164311
2019-05-01,0.1004346666666666,0.10851,0.09873,0.10066,96703341.88202779
2019-05-02,0.1006519999999999,0.10699,0.097219,0.0990786666666666,76290153.79151048
2019-05-03,0.0990483333333333,0.10883,0.096727,0.1015553333333333,123973386.23173705
2019-05-04,0.101564,0.1087,0.09521,0.0982396666666666,99317453.94830406
2019-05-05,0.0982063333333333,0.10487,0.0955,0.0966543333333333,82881627.73664004
2019-05-06,0.09666,0.10397,0.092556,0.0967953333333333,85486212.25420527
2019-05-07,0.096689,0.10428,0.092,0.0930313333333333,66098216.90919533
2019-05-08,0.093818926,0.09801063,0.090573,0.091888,80657535.41751105
2019-05-09,0.0921033333333333,0.09707884,0.0862059999999999,0.0890988,129124002.88209568
2019-05-10,0.088782,0.094999,0.086107,0.0925309999999999,132701470.94008349
2019-05-11,0.09307625,0.11,0.091611,0.104048,218354898.01901355
2019-05-12,0.104211,0.106499,0.0945299999999999,0.098528,175672668.8117279
2019-05-13,0.09850775,0.104539,0.0978,0.0998036666666666,197034487.24774975
2019-05-14,0.0999313333333333,0.117479,0.098217,0.114047,327337748.57411426
2019-05-15,0.113781,0.1468,0.1130299999999999,0.14237725,243105811.5438115
2019-05-16,0.1420771666666666,0.1699,0.12778,0.13842675,473740505.3946794
2019-05-17,0.138225,0.143117,0.1148319999999999,0.1314789999999999,278171335.14413
2019-05-18,0.1314503333333333,0.142059,0.12793,0.1313543333333333,165567493.21238333
2019-05-19,0.13143425,0.14605,0.1294,0.1427716666666666,142413118.31030264
2019-05-20,0.1426253333333333,0.143485,0.1279799999999999,0.1353023333333333,102368080.76700485
2019-05-21,0.1352206666666666,0.1372799999999999,0.13103,0.13404725,73358863.42860623
2019-05-22,0.133905,0.138922,0.12,0.1218825,100827119.92730737
2019-05-23,0.1217846666666666,0.12692,0.117198,0.125133,91184790.6738918
2019-05-24,0.1251733333333333,0.13019,0.12097,0.1253696666666666,100241660.70109648
2019-05-25,0.125313,0.12889,0.123688,0.12526225,65431516.79664341
2019-05-26,0.1250553333333333,0.136,0.1209099999999999,0.13263525,99844815.28020622
2019-05-27,0.132909,0.1449,0.1286769999999999,0.138125,200990485.14331752
2019-05-28,0.137978328,0.14335,0.12729,0.1392863333333333,213991047.8843261
2019-05-29,0.1391383333333333,0.14018,0.13032,0.1355683333333333,161110407.56023857
2019-05-30,0.13561525,0.14467,0.1225609999999999,0.1289076666666666,231509482.97400662
2019-05-31,0.1288283999999999,0.134999,0.124,0.1335036666666666,121243992.16942689
2019-06-01,0.1334759999999999,0.135,0.128169,0.1325266666666666,105887022.08829188
2019-06-02,0.1325286666666666,0.13882,0.131957,0.1365313333333333,91805728.58730003
2019-06-03,0.1364493333333333,0.14004,0.12619,0.1277451999999999,133886017.8716422
2019-06-04,0.1274978333333333,0.127844,0.116713,0.12098525,130570297.89304659
2019-06-05,0.1209748,0.12575,0.1187119999999999,0.1212326666666666,130347906.47487395
2019-06-06,0.1212226666666666,0.126099,0.118,0.1248803333333333,260499217.1655155
2019-06-07,0.1250315,0.130511,0.1239869999999999,0.12722925,219018926.60245004
2019-06-08,0.1271096666666666,0.12918,0.12232,0.12391375,232540553.8290564
2019-06-09,0.1239676666666666,0.125197,0.11659,0.1186836666666666,166418244.36093265
2019-06-10,0.1186743333333333,0.124463,0.11672,0.1233136666666666,237624338.90602875
2019-06-11,0.1233902,0.124,0.1183099999999999,0.1225626666666666,290646429.90352064
2019-06-12,0.1225906666666666,0.127997,0.1203,0.1271959999999999,306623906.4962977
2019-06-13,0.127128,0.128499,0.123787,0.1241895,300212954.35202223
2019-06-14,0.12433225,0.126,0.1202,0.1250963333333333,294951062.90432805
2019-06-15,0.1250556666666666,0.128897,0.1237849999999999,0.1267849999999999,289131392.86849123
2019-06-16,0.126626,0.1340299999999999,0.12567,0.1297183333333333,301358028.66622293
2019-06-17,0.1295829999999999,0.1327,0.126594,0.1308603333333333,324664393.4057697
2019-06-18,0.1308316666666666,0.131537,0.122,0.1236986666666666,340567910.12651116
2019-06-19,0.123608,0.12664,0.123002,0.124028,290026333.3174325
2019-06-20,0.124074,0.127598,0.120123,0.1209706666666666,215498622.00552464
2019-06-21,0.1211599999999999,0.12575,0.120669,0.1234202,89428894.71559581
2019-06-22,0.1234206666666666,0.13582,0.122,0.1296606666666666,187857106.1165464
2019-06-23,0.1293015,0.133923,0.1265089999999999,0.1277829999999999,121769593.84355001
2019-06-24,0.1279305,0.129,0.124054,0.12821625,72839199.8683508
2019-06-25,0.1281716666666666,0.12989,0.119,0.123875,221363983.18402958
2019-06-26,0.1237876,0.13305,0.1168,0.1224328,431251007.3671513
2019-06-27,0.1224018,0.13,0.102243,0.1086736666666666,305035899.65813863
2019-06-28,0.108551,0.11329,0.10625,0.1115536666666666,307409152.7083208
2019-06-29,0.11159425,0.1217099999999999,0.105289,0.1147724999999999,404192230.63068205
2019-06-30,0.1146666666666666,0.11545,0.1034009999999999,0.1045785,399809411.61112666
2019-07-01,0.104774,0.11019,0.100101,0.1057849999999999,381777216.19938105
2019-07-02,0.1057826666666666,0.107082,0.0993,0.102853,343639506.1068267
2019-07-03,0.10284375,0.106249,0.102079,0.10574,272818143.8042197
2019-07-04,0.1056598,0.106539,0.098501,0.0991495,264184299.12046164
2019-07-05,0.09907775,0.101871,0.097402,0.1000036666666666,260503236.8489594
2019-07-06,0.10000475,0.1065859999999999,0.09988,0.103724,233776608.5781123
2019-07-07,0.1037556666666666,0.106248,0.101295,0.1057616666666666,207824196.1332
2019-07-08,0.10567775,0.10643,0.1031509999999999,0.104176,198437855.29879227
2019-07-09,0.1041706666666666,0.105149,0.099445,0.1012723333333333,235195510.55908978
2019-07-10,0.1014845,0.102499,0.0907,0.0947996666666666,238639716.8962503
2019-07-11,0.0947684999999999,0.095203,0.0800029999999999,0.0870523333333333,280474146.97367287
2019-07-12,0.08695225,0.1059,0.08622,0.0979973333333333,362675630.54095256
2019-07-13,0.097969,0.100997,0.089999,0.09614,254506371.3292208
2019-07-14,0.0960803333333333,0.0968639999999999,0.084538,0.0855375,225712561.89536315
2019-07-15,0.085636,0.087999,0.080493,0.0856157499999999,224033163.83190787
2019-07-16,0.085571,0.088586,0.0778,0.078269,211764122.49272323
2019-07-17,0.0783499999999999,0.084466,0.075666,0.0805876666666666,110202112.20267943
2019-07-18,0.080721,0.09344,0.07919,0.0882869999999999,160091058.3741599
2019-07-19,0.0883309999999999,0.095815,0.08672,0.0936035,115819496.06071216
2019-07-20,0.0934533333333333,0.098731,0.09139,0.094791,79878476.40137711
2019-07-21,0.094769,0.094898,0.088598,0.0911075,58372470.55724542
2019-07-22,0.0910885,0.09212,0.085836,0.088795,66185439.59707577
2019-07-23,0.088642,0.088757,0.0831,0.084243,59289553.68394899
2019-07-24,0.0841577499999999,0.086719,0.081166,0.0859206666666666,54054275.31042633
2019-07-25,0.0859766666666666,0.089251,0.0847,0.085558,45870562.94036328
2019-07-26,0.08560075,0.090168,0.083369,0.0878225,43227954.70246393
2019-07-27,0.0879486666666666,0.090179,0.082704,0.0843183333333333,43829167.12285607
2019-07-28,0.0842535,0.084936,0.080385,0.0839693333333333,22823397.910250947
2019-07-29,0.0840056666666666,0.0858169999999999,0.082426,0.0833419999999999,32959726.552148003
2019-07-30,0.083275,0.085359,0.08091,0.0834375,31261706.892455358
2019-07-31,0.0833995,0.08531,0.08287,0.083919,45376656.85750373
2019-08-01,0.0839179999999999,0.084194,0.081318,0.0829376666666666,32588902.340277363
2019-08-02,0.082741,0.083544,0.08157,0.082023,36064032.67639975
2019-08-03,0.082006,0.083249,0.081528,0.082335,34017800.0281543
2019-08-04,0.0823765,0.082839,0.080577,0.082182,25552465.255858865
2019-08-05,0.0820383333333333,0.084953,0.080614,0.0823563333333333,56805431.03442077
2019-08-06,0.08240875,0.0825559999999999,0.076925,0.0783056666666666,67004948.19098133
2019-08-07,0.07842,0.079476,0.076568,0.07858875,42752640.43514894
2019-08-08,0.07866975,0.078749,0.075607,0.07699,43385738.032985985
2019-08-09,0.0769794999999999,0.077448,0.071588,0.071781,64384381.49201907
2019-08-10,0.0718487499999999,0.074799,0.071354,0.073707,48195643.372163184
2019-08-11,0.07363,0.080206,0.073372,0.0782466,59016559.88139532
2019-08-12,0.0781656666666666,0.078779,0.075156,0.0753953333333333,29944766.296958383
2019-08-13,0.0753809999999999,0.075905,0.072242,0.07432,30637565.068411972
2019-08-14,0.0743363333333333,0.074708,0.065102,0.0691553333333333,76685321.66992635
2019-08-15,0.0692523999999999,0.071095,0.065449,0.070154,62695141.015923895
2019-08-16,0.0701483333333333,0.070917,0.066791,0.068527,38929813.67195366
2019-08-17,0.0683745,0.06949,0.06662,0.067745,26177320.445610184
2019-08-18,0.067713,0.071764,0.067281,0.0707473333333333,29672185.427409735
2019-08-19,0.070732,0.072253,0.07016,0.071739,25183270.87238254
2019-08-20,0.0718,0.0724,0.06825,0.068734,26829268.171206985
2019-08-21,0.0688255,0.06896,0.065631,0.06695125,33552180.6992601
2019-08-22,0.066953,0.0695799999999999,0.0654,0.0682142499999999,39961231.957000375
2019-08-23,0.0681425,0.069724,0.067286,0.069199,35703746.502087936
2019-08-24,0.06912,0.071207,0.067523,0.070387,46571328.652806535
2019-08-25,0.0703454999999999,0.072398,0.068217,0.069368,47366209.20423186
2019-08-26,0.069356,0.071499,0.068776,0.0696,37888523.679561585
2019-08-27,0.069583,0.069849,0.067333,0.0684185,25573733.407560274
2019-08-28,0.06842,0.06851,0.063199,0.06400375,52631060.93601009
2019-08-29,0.0640523333333333,0.064199,0.0602269999999999,0.061623,54144433.18568777
2019-08-30,0.0617989999999999,0.063772,0.060724,0.0619526666666666,33964283.413394585
2019-08-31,0.061886,0.073961,0.06011,0.0620303333333333,24526852.57418565
2019-09-01,0.062009,0.062831,0.06076,0.0622743333333333,22074923.158363692
2019-09-02,0.0622583333333333,0.064288,0.061058,0.063029,27385452.338912934
2019-09-03,0.063104,0.064182,0.062331,0.0630537499999999,34483445.09108531
2019-09-04,0.0630636666666666,0.063178,0.061288,0.0617439999999999,33861306.28675959
2019-09-05,0.061782,0.062081,0.059863,0.0603875,37646948.12665045
2019-09-06,0.060332,0.0613549999999999,0.0576529999999999,0.0581296666666666,55524659.305744745
2019-09-07,0.0581325,0.0617039999999999,0.0578799999999999,0.0605553333333333,43144784.992834225
2019-09-08,0.0606596666666666,0.0619929999999999,0.059773,0.0610563333333333,37876632.415442705
2019-09-09,0.0610849999999999,0.062037,0.059371,0.060203,60823731.37888045
2019-09-10,0.0601906666666666,0.061269,0.059,0.0596789999999999,47259946.163512066
2019-09-11,0.05959125,0.06032,0.058091,0.0587963333333333,39802641.43940673
2019-09-12,0.0588223333333333,0.059094,0.05765,0.058659,42424967.07144212
2019-09-13,0.0584024999999999,0.058899,0.0570769999999999,0.0578286666666666,52559072.44182143
2019-09-14,0.0578116666666666,0.0597929999999999,0.0570059999999999,0.058766,75744375.62389939
2019-09-15,0.0586885,0.0598,0.058061,0.05828,32173332.15350282
2019-09-16,0.0582526666666666,0.059321,0.0574289999999999,0.058702,46575433.156679355
2019-09-17,0.0586773333333333,0.066999,0.0579999999999999,0.063458,134047530.50542906
2019-09-18,0.06346075,0.126,0.061873,0.0826794999999999,640777808.6241944
2019-09-19,0.0827478,0.08888,0.074073,0.0808233333333333,651731242.1919135
2019-09-20,0.0807705,0.08133457,0.07042,0.0719993333333333,384919287.5478374
2019-09-21,0.07215725,0.074278,0.06682,0.0696157499999999,208129961.26127174
2019-09-22,0.0696986666666666,0.0702899999999999,0.06652,0.068405,156058994.16856134
2019-09-23,0.0684132,0.06936,0.063096,0.063486,196174849.37400365
2019-09-24,0.06357475,0.073499,0.05,0.0536436666666666,344435526.20598704
2019-09-25,0.05332675,0.0604,0.0518,0.0573136,207725774.05129012
2019-09-26,0.0574708,0.0625,0.053384,0.0584644999999999,322957277.9596094
2019-09-27,0.05841725,0.059799,0.055699,0.0588934999999999,151817196.160158
2019-09-28,0.059007,0.06,0.057,0.0583426666666666,79080824.77432187
2019-09-29,0.0583775,0.05889,0.0564,0.0579745,54366954.00284302
2019-09-30,0.058017,0.062334,0.056274,0.06193125,145497322.60788852
2019-10-01,0.0618273333333333,0.062372,0.05775,0.05875275,106348279.17673267
2019-10-02,0.058688,0.060199,0.05739,0.0596928,67571419.78193498
2019-10-03,0.0597066666666666,0.0601289999999999,0.057709,0.058596,53700519.795319356
2019-10-04,0.0585399999999999,0.06047,0.05751,0.0586596666666666,66693133.84095166
2019-10-05,0.0586304999999999,0.05945,0.0579999999999999,0.059003,68443426.26439019
2019-10-06,0.058949,0.059499,0.0570549999999999,0.0584013333333333,125823744.12131293
2019-10-07,0.0583966666666666,0.0638779999999999,0.05789,0.062123,234827162.00420746
2019-10-08,0.062134,0.0641289999999999,0.060624,0.0618376666666666,197926093.73290345
2019-10-09,0.06192275,0.065399,0.060654,0.0630874999999999,244386552.41128272
2019-10-10,0.0630973333333333,0.06395,0.06071,0.0615246666666666,124638146.31429243
2019-10-11,0.061533,0.063,0.059,0.05977425,99579280.90037662
2019-10-12,0.0597056666666666,0.061938,0.059663,0.0608526666666666,51406485.69888758
2019-10-13,0.060845,0.062621,0.060603,0.0613863333333333,49501472.93270019
2019-10-14,0.061402,0.066648,0.06101,0.0661847499999999,110064707.80120005
2019-10-15,0.0661666,0.072898,0.0622,0.0639256666666666,142832958.8293268
2019-10-16,0.063857,0.064636,0.060262,0.0616953333333333,13706828.605492273
2019-10-17,0.0616755,0.065298,0.060926,0.0651073333333333,121004321.35725059
2019-10-18,0.0650613333333333,0.065398,0.0615,0.06304225,86473882.86978656
2019-10-19,0.0630356666666666,0.06416749,0.062135,0.0624723333333333,50268639.55277603
2019-10-20,0.062495,0.064,0.0615,0.063302,54004553.91985889
2019-10-21,0.063215,0.0644309999999999,0.06266,0.063884,54751564.93513736
2019-10-22,0.0639073333333333,0.06507,0.062926,0.0632503333333333,71067577.2086863
2019-10-23,0.0632546666666666,0.063568,0.0569179999999999,0.0598436666666666,77350208.68428287
2019-10-24,0.059826,0.0617,0.058487,0.060167,91101238.53957012
2019-10-25,0.060177,0.078,0.0594,0.0643555,166379778.60034943
2019-10-26,0.06436575,0.0682,0.061551,0.0627433333333333,230812208.99841002
2019-10-27,0.06269025,0.065933,0.061805,0.065228,178875137.70178035
2019-10-28,0.065186,0.0692,0.063858,0.064632,198648200.21921265
2019-10-29,0.06455725,0.0729,0.064324,0.066731,185300132.8823035
2019-10-30,0.066726,0.067499,0.062669,0.0639184999999999,166561727.6054315
2019-10-31,0.0639339999999999,0.065352,0.062,0.0650783333333333,160259744.58431125
2019-11-01,0.0650873333333333,0.08803,0.064429,0.0690963333333333,420583848.4739784
2019-11-02,0.0691659999999999,0.071861,0.068961,0.071379,198906641.22599345
2019-11-03,0.0712985,0.072499,0.067861,0.0686453333333333,186261686.92356744
2019-11-04,0.068641,0.0819999999999999,0.067385,0.0793495183333333,227256045.74125987
2019-11-05,0.079489,0.09,0.06283,0.082341,697186671.3401563
2019-11-06,0.0823083333333333,0.0830159999999999,0.06672,0.076984,291880509.59101117
2019-11-07,0.07689,0.0772809999999999,0.07259,0.074237,272648831.2297817
2019-11-08,0.074252,0.07699,0.067999,0.071126,208170667.62123594
2019-11-09,0.071144,0.076499,0.0705409999999999,0.0731609999999999,71173213.37824534
2019-11-10,0.0731496666666666,0.0815,0.07278,0.0789726666666666,263050059.11630076
2019-11-11,0.07895125,0.08126183,0.075865,0.0799515,190316944.2963721
2019-11-12,0.0800026666666666,0.082913,0.07382,0.0768093333333333,276353075.35641515
2019-11-13,0.0768475,0.079232,0.075,0.0760816666666666,138017810.84418622
2019-11-14,0.076033,0.076252,0.072117,0.0741735,99506467.86684074
2019-11-15,0.074098,0.075397,0.070012,0.0720433333333333,103995523.38091129
2019-11-16,0.0720553333333333,0.072615,0.070489,0.0713233333333333,55289967.04590711
2019-11-17,0.0712923333333333,0.073064,0.0711929999999999,0.0715975,54377519.35034506
2019-11-18,0.0715975,0.0772,0.064289,0.0669884999999999,133940553.60412303
2019-11-19,0.066992,0.067004,0.063262,0.0656183333333333,114811995.44262172
2019-11-20,0.065606,0.06626112,0.063601,0.06396,68475853.9312282
2019-11-21,0.0640036666666666,0.06406,0.0570009999999999,0.0607315,149317703.71824095
2019-11-22,0.0607115,0.065999,0.052896,0.059295,205144841.3511988
2019-11-23,0.05931975,0.065,0.057636,0.061481,139067772.79137248
2019-11-24,0.06150125,0.06226594,0.05522,0.05561425,123463273.01911783
2019-11-25,0.05553625,0.060647,0.0531,0.0573766666666666,163242586.5549001
2019-11-26,0.0573335,0.0691259999999999,0.056069,0.057538,82348066.02310982
2019-11-27,0.057523,0.059882,0.054159,0.0587485,116211982.85050406
2019-11-28,0.058657,0.059253,0.05731,0.0578915,57500506.967946775
2019-11-29,0.0579403333333333,0.063065,0.0577919999999999,0.0590515,73332054.82211801
2019-11-30,0.059,0.0594679999999999,0.05656,0.057275,62201467.8253997
2019-12-01,0.0572795,0.058025,0.05506,0.057301,72282834.39272639
2019-12-02,0.0572965,0.05775127,0.055109,0.055737,59672518.47140485
2019-12-03,0.0557895,0.0566429999999999,0.0550019999999999,0.0557275,66241225.721635036
2019-12-04,0.055712,0.0582,0.053524,0.0546679999999999,94119103.58588652
2019-12-05,0.054728,0.0559999999999999,0.054001,0.0553896666666666,64681767.461703725
2019-12-06,0.05536075,0.0564029999999999,0.054623,0.055491,55628369.06823403
2019-12-07,0.055427,0.0565419999999999,0.0552799999999999,0.0554273333333333,39320295.66731172
2019-12-08,0.0554016666666666,0.056891,0.054758,0.055906,37328697.41326496
2019-12-09,0.0558075,0.056665,0.05401,0.0546296666666666,45539848.71780469
2019-12-10,0.0545775,0.0546049999999999,0.04444,0.0531135,87583512.71855737
2019-12-11,0.0531665,0.054022,0.05245,0.0528169999999999,218969619.98398644
2019-12-12,0.052765,0.053294,0.051262,0.0520005,137745609.5501074
2019-12-13,0.0520043333333333,0.053131,0.051807,0.052771,72382744.32516883
2019-12-14,0.0527499999999999,0.052921,0.050024,0.05094,65667005.287801154
2019-12-15,0.0509425,0.051624,0.05,0.0509696666666666,49854242.30625492
2019-12-16,0.0509579999999999,0.051101,0.04658,0.04696975,114198888.90853956
2019-12-17,0.046927,0.047402,0.0421,0.0432635,167996151.50885162
2019-12-18,0.043279,0.048159,0.042082,0.046571,160002907.56615
2019-12-19,0.0465995,0.047261,0.04452,0.0451965,108139765.08400947
2019-12-20,0.045202,0.04658614,0.04453,0.0462835,102281581.66763523
2019-12-21,0.046271,0.0465,0.045187,0.045417,52880842.68070736
2019-12-22,0.0453945,0.0474,0.0452329999999999,0.0472319999999999,70019259.77889046
2019-12-23,0.04726575,0.047755,0.044506,0.044923,84144114.02376363
2019-12-24,0.0448645,0.045834,0.044383,0.04502,44119706.599092446
2019-12-25,0.0450225,0.04508,0.0435,0.0443673333333333,35285506.48406797
2019-12-26,0.0443725,0.04605,0.044,0.0446975,50542933.125008605
2019-12-27,0.0446795,0.04609,0.0439279999999999,0.045813,60936281.72026976
2019-12-28,0.045837,0.046999,0.045566,0.0458633333333333,62229946.8450575
2019-12-29,0.045846,0.0469399999999999,0.04564,0.046189,42441894.183941446
2019-12-30,0.046181,0.046999,0.045241,0.0454904999999999,46833746.75932153
2019-12-31,0.0454753333333333,0.0458839999999999,0.044501,0.0448925,48877895.88601287
2020-01-01,0.0447995,0.045724,0.044599,0.045215,25165300.6546807
2020-01-02,0.045174,0.045467,0.043398,0.043545,36526363.292008914
2020-01-03,0.043509,0.045893,0.0431029999999999,0.0456788,48168027.57662188
2020-01-04,0.045627,0.0459829999999999,0.045101,0.0456084999999999,51291823.92499335
2020-01-05,0.045653,0.046355,0.045167,0.0454675,82263462.96095781
2020-01-06,0.045443,0.050647,0.045307,0.050434864,168324975.1370119
2020-01-07,0.050497,0.051299,0.0473899999999999,0.0484305,162351619.85408646
2020-01-08,0.04846975,0.049431,0.04672,0.0476856666666666,126030341.89966986
2020-01-09,0.0476696666666666,0.048226,0.046838,0.047098,72457696.2762983
2020-01-10,0.0471535,0.048206,0.04551,0.0480073333333333,133056852.57114369
2020-01-11,0.0480426666666666,0.049589,0.04736,0.048225,94941535.01051432
2020-01-12,0.04823775,0.0493399999999999,0.047968,0.04901525,62587085.906635
2020-01-13,0.049027,0.0491,0.047549,0.04813,54027442.20729589
2020-01-14,0.048151,0.055338,0.048069,0.05287175,301334464.6355765
2020-01-15,0.0527086666666666,0.056968,0.05155,0.0548123333333333,282175251.4029965
2020-01-16,0.054853,0.055165,0.051936,0.0536355,166746060.60188633
2020-01-17,0.0536514,0.07474,0.053001,0.060772,476693617.7602083
2020-01-18,0.06080025,0.06627,0.050759,0.06147,557006813.9834175
2020-01-19,0.0614749999999999,0.0664,0.058221,0.0600245,432435529.6561944
2020-01-20,0.0600555,0.06516,0.0592,0.0627052499999999,416334036.344912
2020-01-21,0.062704,0.0647799999999999,0.0605,0.062691,200598726.32595956
2020-01-22,0.0627826666666666,0.06395,0.060591,0.0613183333333333,145548889.84825495
2020-01-23,0.0613316666666666,0.06143,0.056629,0.0582906666666666,239777688.72399494
2020-01-24,0.05821475,0.0645,0.054675,0.0570869999999999,198211093.25501937
2020-01-25,0.0571184999999999,0.057311,0.055538,0.0560658,89144340.66044481
2020-01-26,0.0559998,0.058682,0.05575,0.058364,116142021.83072561
2020-01-27,0.0584363333333333,0.061,0.0575269999999999,0.0596545,177136229.67672086
2020-01-28,0.0596605,0.062269,0.059021,0.06071125,214631199.93271086
2020-01-29,0.060725,0.063061,0.0600029999999999,0.0608156666666666,202237667.09171295
2020-01-30,0.0607864,0.063428,0.059618,0.0627773333333333,191512079.9933273
2020-01-31,0.0627995,0.063213,0.059711,0.060589,175171998.20445985
2020-02-01,0.0605425,0.062666,0.060367,0.0622546666666666,145850385.34287718
2020-02-02,0.0622553333333333,0.066873,0.060719,0.0634113333333333,264605557.02435797
2020-02-03,0.063415,0.066,0.0624809999999999,0.0642386666666666,190059617.90813255
2020-02-04,0.064206,0.068408,0.061515,0.0662083333333333,289951969.7957558
2020-02-05,0.0661873333333333,0.069789,0.065762,0.069095,323964687.426582
2020-02-06,0.06905725,0.071897,0.067342,0.0711243333333333,307440245.3203722
2020-02-07,0.0711,0.073777,0.065,0.0719,294642717.3876158
2020-02-08,0.0719223333333333,0.072333,0.0575,0.070957,237125485.37370422
2020-02-09,0.070908,0.074067,0.07077,0.0733429999999999,221031822.03759652
2020-02-10,0.07336575,0.0738289999999999,0.068391,0.07052025,244327821.958076
2020-02-11,0.070496,0.07505,0.06875,0.07408825,277176096.96111095
2020-02-12,0.074141,0.1184,0.073866,0.080078,504249395.43203825
2020-02-13,0.0800927499999999,0.11,0.075,0.0834075,592310890.3545709
2020-02-14,0.08330175,0.088276,0.07984,0.0867676666666666,324715909.4832528
2020-02-15,0.0867953333333333,0.08893,0.075095,0.078948,344347605.1380528
2020-02-16,0.0789316666666666,0.0815429999999999,0.06623,0.07442175,464715659.63413477
2020-02-17,0.07431775,0.075295,0.066995,0.072779,400611960.32261163
2020-02-18,0.0728593999999999,0.077053,0.07,0.0760168,255584703.42442793
2020-02-19,0.076011,0.079854,0.067895,0.0700688,212053177.0814347
2020-02-20,0.0699679999999999,0.071662,0.067038,0.0704676666666666,257115542.91863483
2020-02-21,0.0704683333333333,0.07293076,0.069433,0.071015,153641165.13016298
2020-02-22,0.0711036666666666,0.071637,0.0691799999999999,0.0703726666666666,90970756.43034598
2020-02-23,0.0703666666666666,0.07354622,0.069752,0.0731406666666666,104922318.34886964
2020-02-24,0.073138452,0.073827,0.066902,0.0691113333333333,156962216.1072739
2020-02-25,0.0691093999999999,0.069513,0.06321,0.0640496666666666,195630562.11453238
2020-02-26,0.06403425,0.064759,0.05492,0.0587553333333333,387252488.9316484
2020-02-27,0.058745,0.0631,0.05586,0.0603154999999999,326715829.00402045
2020-02-28,0.06038,0.061533,0.056302,0.0584324999999999,259512703.69998184
2020-02-29,0.0584005,0.05995,0.056513,0.056951,109464273.96953794
2020-03-01,0.0571516666666666,0.058851,0.05482,0.0558313333333333,142660849.19690114
2020-03-02,0.05575425,0.0604,0.055532,0.0596963333333333,138701222.3850251
2020-03-03,0.059713,0.060451,0.05753,0.058191,131194768.1176144
2020-03-04,0.05821525,0.059248,0.05751,0.0586005,105562675.64264211
2020-03-05,0.0586103333333333,0.061235,0.05857,0.05965375,148173351.0415768
2020-03-06,0.059664,0.061581,0.05914,0.0613983333333333,122537725.15054424
2020-03-07,0.0614244999999999,0.061869,0.057629,0.058371,110778718.01900725
2020-03-08,0.0583358,0.0585799999999999,0.04855,0.0497011666666666,252587429.64707002
2020-03-09,0.0498113333333333,0.0525,0.046999,0.05239025,319419235.37884337
2020-03-10,0.0523973333333333,0.053519,0.05062,0.0519623333333333,187251993.70321837
2020-03-11,0.052001,0.0526299999999999,0.04726,0.050423,174936998.76410252
2020-03-12,0.0504256666666666,0.050677,0.027767,0.0324043333333333,696205202.5615797
2020-03-13,0.0323154,0.0492,0.026,0.0397405,710654952.0114217
2020-03-14,0.039775,0.0407029999999999,0.036,0.036722,162056824.6291163
2020-03-15,0.036725,0.040963,0.036121,0.0378506666666666,164548885.91272616
2020-03-16,0.03785425,0.038223,0.031267,0.03529425,316104841.769937
2020-03-17,0.0354595,0.0385,0.03487,0.0373422,167423996.00034446
2020-03-18,0.0373338,0.038028,0.034243,0.0369736666666666,172697661.65446383
2020-03-19,0.0370128,0.043298,0.03659,0.0413883333333333,270058075.11401993
2020-03-20,0.0413736666666666,0.04518,0.03542,0.0399295,329690722.0550085
2020-03-21,0.0399403333333333,0.04105,0.03798,0.0395863333333333,169159681.35457847
2020-03-22,0.0395283333333333,0.040617,0.03638,0.0367846666666666,172152149.4214923
2020-03-23,0.0367513333333333,0.040474,0.03605,0.0394545,175095826.57678023
2020-03-24,0.0394865,0.0407449999999999,0.03574,0.04043875,155918054.37947726
2020-03-25,0.04036475,0.041123,0.038858,0.040572,132863696.66355596
2020-03-26,0.0406431666666666,0.0431,0.0398,0.042897,122174138.04139861
2020-03-27,0.0428775,0.043717,0.04018,0.040431,126309199.14960235
2020-03-28,0.0403856666666666,0.040816,0.038527,0.040039,142161944.062449
2020-03-29,0.0400266666666666,0.040199,0.037333,0.0377774,95139276.03411803
2020-03-30,0.0377455,0.041205,0.037619,0.0400163333333333,123306680.9206078
2020-03-31,0.040011,0.041331,0.0399589999999999,0.0408393333333333,79952822.16755292
2020-04-01,0.040835,0.041999,0.038865,0.040835,99003584.45434767
2020-04-02,0.0408745,0.043422,0.040415,0.0412625,148401072.92241144
2020-04-03,0.0412625,0.042258,0.040511,0.0414085,115487951.55613446
2020-04-04,0.0413993333333333,0.042518,0.040619,0.0419175,100456336.21177141
2020-04-05,0.041897,0.043689,0.04143,0.0435183333333333,110525332.59703833
2020-04-06,0.043567,0.05005,0.0434639999999999,0.0499155,419349207.2223319
2020-04-07,0.0499029999999999,0.051989,0.047267,0.0484375,287178501.27570635
2020-04-08,0.0484475,0.051592,0.048105,0.0513323333333333,167849778.04323912
2020-04-09,0.0512832,0.052624,0.04855,0.0520575,208724720.09313947
2020-04-10,0.0520475,0.052413,0.0454,0.0477435,272678455.0561584
2020-04-11,0.0477628,0.050043,0.04732,0.0497565,198883019.0896505
2020-04-12,0.0497873333333333,0.051599,0.048331,0.04895925,202183201.1506595
2020-04-13,0.0488491666666666,0.0490209999999999,0.045158,0.048292,225904113.97915313
2020-04-14,0.048232,0.0491329999999999,0.04748,0.048081,121172255.74651349
2020-04-15,0.0480276666666666,0.048747,0.04586,0.0461285,108519760.22185932
2020-04-16,0.0460215,0.05,0.044514,0.0491663333333333,312622094.8909455
2020-04-17,0.0492086666666666,0.05,0.048179,0.0486296666666666,105628837.4144603
2020-04-18,0.0486294,0.051244,0.04851,0.05058,132793363.957005
2020-04-19,0.05059,0.050795,0.04823,0.0488445,99337879.22832295
2020-04-20,0.0488246666666666,0.05337,0.0485149999999999,0.04948075,400628777.0231406
2020-04-21,0.0494624,0.051934,0.049199,0.050896,153496098.87924895
2020-04-22,0.0508643333333333,0.055,0.050666,0.05499,204847586.18865153
2020-04-23,0.0549863333333333,0.067033,0.0549179999999999,0.0621049999999999,703262563.3054163
2020-04-24,0.0621053333333333,0.0662,0.06006,0.061192,341481503.7051012
2020-04-25,0.0612,0.06335,0.060608,0.061837,154457928.53387308
2020-04-26,0.0618213333333333,0.06299,0.0607129999999999,0.061961,153634777.18447614
2020-04-27,0.0620448,0.069469,0.0612299999999999,0.06723,302792685.81882614
2020-04-28,0.0672229999999999,0.0716,0.060597,0.0685544999999999,506066644.57130665
2020-04-29,0.0685813333333333,0.078493,0.0680549999999999,0.0721919999999999,563636578.7731643
2020-04-30,0.072193,0.074736,0.065441,0.0675399999999999,544704472.9856998
2020-05-01,0.0675996666666666,0.07365,0.06748,0.0728783333333333,291986183.68900895
2020-05-02,0.072869,0.076359,0.071393,0.07558175,288556413.2352564
2020-05-03,0.07555275,0.077174,0.07148,0.0730463333333333,289646805.8326273
2020-05-04,0.0730142499999999,0.07438,0.067165,0.0733965,320027768.56856126
2020-05-05,0.0734293333333333,0.07447,0.0702049999999999,0.0721536666666666,186913672.18526557
2020-05-06,0.072127,0.073335,0.069426,0.0697394,208917034.71831387
2020-05-07,0.06964975,0.073665,0.06857,0.0721774999999999,251590669.41397092
2020-05-08,0.07217275,0.08,0.070359,0.072563,253931549.8462192
2020-05-09,0.0725323333333333,0.073698,0.071315,0.07144025,180554322.99082926
2020-05-10,0.07138575,0.07148,0.05873,0.0641246666666666,610189638.3949246
2020-05-11,0.0641173333333333,0.06523,0.06022384,0.0624454,284675965.63998
2020-05-12,0.062415,0.070649,0.0620659999999999,0.070164,358835178.5183406
2020-05-13,0.07016925,0.071357,0.067951,0.0698825,233971156.00937706
2020-05-14,0.0698724999999999,0.070813,0.06795,0.0692725999999999,216182925.24925542
2020-05-15,0.069265,0.06989,0.065833,0.06732025,192561772.12894234
2020-05-16,0.0673213333333333,0.06859,0.066551,0.0680709999999999,146499725.86524945
2020-05-17,0.06802825,0.071784,0.0678,0.0687526666666666,164931713.37167895
2020-05-18,0.0687647999999999,0.071421,0.0686,0.07026475,187703141.24668422
2020-05-19,0.070271,0.07031,0.068336,0.0698009999999999,138554367.55498067
2020-05-20,0.069736,0.072998,0.06725,0.070919,241280489.05403236
2020-05-21,0.0709265,0.0718029999999999,0.06415,0.0664606666666666,260572841.5170893
2020-05-22,0.0664526666666666,0.069395,0.065334,0.06812,184846874.957865
2020-05-23,0.0680885,0.069238,0.06658,0.0671595,108763549.5816999
2020-05-24,0.0671398,0.06825,0.06379,0.0639663333333333,112224020.500896
2020-05-25,0.063956,0.066257,0.06318,0.0661498079999999,121297956.9632985
2020-05-26,0.066209,0.066432,0.063568,0.0650355,96665585.69075474
2020-05-27,0.0650563333333333,0.067673,0.0644899999999999,0.0659805,143403113.52989054
2020-05-28,0.0660385,0.0699419999999999,0.0656679999999999,0.069102,139715580.45149708
2020-05-29,0.0691078,0.069988,0.065722,0.0677905,120973421.20265444
2020-05-30,0.0678043333333333,0.07311,0.067021,0.072482,243166239.18031818
2020-05-31,0.0725608,0.076539,0.068798,0.0705313333333333,493399047.5642614
2020-06-01,0.0700553333333333,0.0765,0.069763,0.0757256666666666,367984474.97983676
2020-06-02,0.07573125,0.08466,0.0725,0.0794926666666666,720753913.6935331
2020-06-03,0.079498,0.083361,0.076634,0.0827746666666666,372402069.8022055
2020-06-04,0.0827871999999999,0.086412,0.07902,0.08202625,541812110.5385439
2020-06-05,0.0820206666666666,0.082998,0.078421,0.0788922,332055260.43972725
2020-06-06,0.0788263333333333,0.0811679999999999,0.078189,0.0796684999999999,194336308.69040558
2020-06-07,0.0796615,0.0807399999999999,0.07545,0.07883025,187325336.27982372
2020-06-08,0.078826,0.080435,0.077953,0.080124,122088570.63431069
2020-06-09,0.0801126666666666,0.080459,0.07712,0.0781886666666666,159427707.28069836
2020-06-10,0.0781593333333333,0.079279,0.07765,0.0788669999999999,144645572.6522437
2020-06-11,0.0788929999999999,0.079377,0.067553,0.0711519999999999,352340523.1351657
2020-06-12,0.071114,0.07482,0.063271,0.0728375,140254512.98964554
2020-06-13,0.072796,0.0743679999999999,0.071541,0.0740955,84566387.54318929
2020-06-14,0.074073,0.074162,0.070225,0.0707325,92427160.30464876
2020-06-15,0.07066825,0.071767,0.0654,0.07098,256009541.3300004
2020-06-16,0.071,0.072072,0.06963,0.0713775,109415480.06219712
2020-06-17,0.07132775,0.074263,0.06941,0.0718355,174505858.3429332
2020-06-18,0.0718419999999999,0.0736,0.069,0.0705435,104197370.82959981
2020-06-19,0.0705605,0.0710929999999999,0.0684309999999999,0.0695526666666666,125707016.8276542
2020-06-20,0.0695036666666666,0.0707,0.068196,0.0697806666666666,82820968.06721474
2020-06-21,0.069784,0.070271,0.06832,0.068474,58312295.7318359
2020-06-22,0.0684766666666666,0.07226,0.068366,0.0718699999999999,115855219.76077342
2020-06-23,0.071907,0.0726,0.07,0.070978,143002722.42701843
2020-06-24,0.0709646666666666,0.072724,0.06784,0.068934,174254528.69278097
2020-06-25,0.0688869999999999,0.06936,0.065112,0.067459,154364650.05184
2020-06-26,0.0675355,0.0686,0.06551,0.066853,141447985.70118067
2020-06-27,0.066945,0.06715,0.05,0.0627873333333333,200695723.97044402
2020-06-28,0.062798,0.0652799999999999,0.06107,0.0642316,128575118.81075226
2020-06-29,0.0642967142857142,0.0665,0.06272,0.06505,143480242.53277123
2020-06-30,0.0650736666666666,0.067468,0.06397,0.0668806666666666,129814261.82310776
2020-07-01,0.0668639999999999,0.06959,0.066,0.0684186666666666,158350885.89593017
2020-07-02,0.06841025,0.0710129999999999,0.065609,0.067637,284647851.8299251
2020-07-03,0.0676345,0.068732,0.06622,0.06700675,173755852.58214
2020-07-04,0.06696575,0.0686,0.066422,0.0679944,135772973.24032557
2020-07-05,0.06798775,0.06808,0.064846,0.0672215,154655700.91750717
2020-07-06,0.067224,0.072223,0.066481,0.0717098,276116269.8741113
2020-07-07,0.071696,0.081333,0.065,0.0734515,305931905.4450505
2020-07-08,0.073428,0.086,0.072416,0.0854695,735613908.5299772
2020-07-09,0.0854241428571428,0.1,0.083251,0.0904628333333333,1620674562.3178966
2020-07-10,0.090504,0.091178,0.0807,0.0890063333333333,885083260.5167686
2020-07-11,0.0889926666666666,0.1015799999999999,0.08846,0.0941105,1116537984.7314615
2020-07-12,0.0940889999999999,0.097987,0.0894669999999999,0.0953631666666666,534426157.720901
2020-07-13,0.09539,0.09833,0.086573,0.090125,627017316.5727122
2020-07-14,0.09008,0.092806,0.08456,0.0921216666666666,420586503.27285695
2020-07-15,0.092122,0.0982,0.08725,0.09429725,657230525.4912065
2020-07-16,0.09434725,0.10404,0.087694,0.1021817142857142,922024740.9385557
2020-07-17,0.1023682857142857,0.11,0.098,0.103932,979782271.4983655
2020-07-18,0.1038658,0.10452,0.09863,0.1008205,427408217.8894634
2020-07-19,0.1008112,0.10247,0.0964,0.1000776666666666,294717485.35359
2020-07-20,0.1000893333333333,0.1019149999999999,0.093233,0.09429625,368052990.306605
2020-07-21,0.09424825,0.09863,0.0938399999999999,0.0965843333333333,301147504.4575448
2020-07-22,0.0964878,0.098196,0.09302,0.097474,241281972.44598472
2020-07-23,0.09745525,0.10186,0.09677,0.0981945,313531398.1915691
2020-07-24,0.0981986666666666,0.09836,0.0943,0.09574625,196258802.64921564
2020-07-25,0.09568825,0.10165,0.09508,0.100819,312097508.00475496
2020-07-26,0.100835,0.10628,0.09711,0.0990696,405096616.80628717
2020-07-27,0.0990682,0.10055,0.0742,0.094741,529936069.9717081
2020-07-28,0.0947404,0.1,0.09316,0.0971425,378414945.8773963
2020-07-29,0.09714275,0.10536,0.09441,0.0950056666666666,300621822.51344997
2020-07-30,0.095016,0.097955,0.0941299999999999,0.09629325,214896374.63553062
2020-07-31,0.0962924999999999,0.09751,0.09492,0.09691475,184321620.74970627
2020-08-01,0.0971755,0.10926,0.0933809999999999,0.1076423333333333,663663875.0895993
2020-08-02,0.107623,0.116692,0.075,0.1025765,771860876.661693
2020-08-03,0.10260125,0.10929,0.090221,0.10515425,359715566.43670887
2020-08-04,0.10512675,0.1195599999999999,0.102448,0.11013275,353599242.8758746
2020-08-05,0.110161,0.11172,0.1060509999999999,0.1075696666666666,238113804.5903834
2020-08-06,0.107463,0.11102,0.103807,0.1062815,265326283.13136187
2020-08-07,0.1062874,0.10809,0.088,0.1030473333333333,279266566.93829995
2020-08-08,0.1030228,0.104444,0.10127,0.1033048,149232773.0863745
2020-08-09,0.1033436,0.1099,0.10232,0.1051025,239101430.46779862
2020-08-10,0.1051416666666666,0.10724,0.102459,0.1062896666666666,209291468.52609897
2020-08-11,0.1063101999999999,0.108471,0.09606,0.1001516,321376213.7444739
2020-08-12,0.100106,0.10249,0.095232,0.1014526666666666,224986166.69998825
2020-08-13,0.1014456,0.1026779999999999,0.09639,0.1011868,279216927.5309353
2020-08-14,0.10116725,0.10724,0.100019,0.10483675,380704655.1733477
2020-08-15,0.1048221666666666,0.1094079999999999,0.10299,0.107051,324982665.6345133
2020-08-16,0.1070812,0.1166,0.1030538,0.1151685,478801335.01898056
2020-08-17,0.1152915714285714,0.11984,0.109732,0.1138833999999999,724010140.2304025
2020-08-18,0.113844,0.116899,0.105252,0.10814225,354510089.3765995
2020-08-19,0.1082089999999999,0.10966,0.098,0.1021335,421149037.11975956
2020-08-20,0.1021634,0.107481,0.100284,0.107287,281433384.9329014
2020-08-21,0.1073384,0.109454,0.09882,0.0995316,413634447.8007792
2020-08-22,0.0994805,0.1026789999999999,0.096957,0.1022661999999999,254191897.62934923
2020-08-23,0.1022528,0.10499,0.098341,0.1029125,185453239.4436097
2020-08-24,0.1029,0.10669793,0.1004299999999999,0.10296475,226219802.17104086
2020-08-25,0.1029404999999999,0.1033099999999999,0.094985,0.0972481999999999,259168743.67324403
2020-08-26,0.09720875,0.1006,0.095979,0.0980289999999999,218570766.4716153
2020-08-27,0.0980932,0.098911,0.09021,0.09379225,307293934.7513073
2020-08-28,0.0938005,0.096749,0.09253,0.095717,153734269.61044025
2020-08-29,0.09565775,0.097658,0.09442,0.0962192,153627324.8621982
2020-08-30,0.0961955,0.09852,0.09608,0.0981676,161745395.0180821
2020-08-31,0.0981968333333333,0.099215,0.09495,0.0967856666666666,181909108.5662859
2020-09-01,0.09680375,0.1013179999999999,0.09534,0.09885275,279795321.02564466
2020-09-02,0.0988056,0.099934,0.08785,0.0923496,339168327.99556714
2020-09-03,0.09233925,0.093014,0.07115,0.0779493999999999,403765354.4503258
2020-09-04,0.0779961666666666,0.08349,0.0748,0.0807306666666666,436442607.56752706
2020-09-05,0.0806896666666666,0.082994,0.072638,0.0754966,361223355.7238651
2020-09-06,0.075428,0.0791299999999999,0.071885,0.07740875,244405873.66728368
2020-09-07,0.077373,0.07921,0.07377,0.078641,230332661.85989612
2020-09-08,0.0787474,0.079536,0.0749799999999999,0.077426,248675376.73459387
2020-09-09,0.0774239999999999,0.079789,0.075515,0.078285,162286540.13569403
2020-09-10,0.0782826,0.083345,0.07819,0.08116725,236549911.31753376
2020-09-11,0.0811607999999999,0.0845679999999999,0.07907,0.0837027499999999,180262365.8297925
2020-09-12,0.0837223999999999,0.084741,0.0822,0.0838396666666666,126145991.3728146
2020-09-13,0.0838835,0.08466,0.079064,0.080015,163516151.6579418
2020-09-14,0.0799955,0.08219,0.0787409999999999,0.0801819999999999,186885872.69024384
2020-09-15,0.080164,0.081618,0.07744,0.07779675,198885543.61890674
2020-09-16,0.0777684999999999,0.081442,0.075,0.079973,260289627.09622815
2020-09-17,0.0799663333333333,0.082315,0.07797,0.0804176666666666,166078539.8208248
2020-09-18,0.0804105,0.080835,0.0771,0.0782456666666666,140620822.86905506
2020-09-19,0.0782016,0.07944,0.077061,0.078563,108950110.07791202
2020-09-20,0.0785687499999999,0.078665,0.0752289999999999,0.0769103333333333,129802812.97198233
2020-09-21,0.0768583333333333,0.077593,0.0689299999999999,0.0699148,231935236.6573137
2020-09-22,0.0699835,0.072312,0.06928,0.0716983333333333,148979122.83626297
2020-09-23,0.0716605,0.0723,0.0670019999999999,0.0673783999999999,171547139.02273723
2020-09-24,0.06736475,0.0709,0.06671,0.0704645,235585981.65959087
2020-09-25,0.070431,0.075853,0.06906,0.0746285,272962858.5716414
2020-09-26,0.0746594999999999,0.076515,0.0724799999999999,0.0738699999999999,127529198.06936531
2020-09-27,0.07381825,0.074629,0.071203,0.073387,118140888.36286718
2020-09-28,0.07338425,0.076079,0.0725,0.0732309599999999,176147226.15763047
2020-09-29,0.0731446,0.0752289999999999,0.07199,0.0740909999999999,165991187.39028826
2020-09-30,0.07407075,0.075283,0.072,0.0748896,155720155.26249018
2020-10-01,0.0749804999999999,0.076515,0.07132,0.07314,213120058.0263716
2020-10-02,0.0730923999999999,0.073952,0.0666,0.0709556666666666,253391060.3244927
2020-10-03,0.0709756666666666,0.072272,0.070534,0.0709989999999999,81438825.86426558
2020-10-04,0.0709925,0.07349,0.070323,0.072894,93337502.04212406
2020-10-05,0.07291175,0.074236,0.07224,0.073296,142404157.4508364
2020-10-06,0.073297,0.0755,0.071525,0.072373,225534190.105167
2020-10-07,0.0723654,0.07332,0.070561,0.072291,185624853.62331823
2020-10-08,0.07231625,0.073532,0.0699159999999999,0.0731226666666666,210482962.09410647
2020-10-09,0.0731796666666666,0.07597,0.072325,0.075029,266525771.81783321
2020-10-10,0.07501,0.078501,0.07499,0.077306,222074451.16536394
2020-10-11,0.077335,0.078996,0.076723,0.0771443333333333,136892105.97051767
2020-10-12,0.0771739999999999,0.079291,0.075911,0.0776396,188704119.10310122
2020-10-13,0.0775906,0.077794,0.07527,0.076396,152113237.5492327
2020-10-14,0.0763905,0.076858,0.0735,0.0740366666666666,132225434.92257558
2020-10-15,0.0740043333333333,0.07445,0.0718,0.0740896666666666,135092490.31479055
2020-10-16,0.074061,0.0805,0.07191,0.0790784285714285,255127869.230443
2020-10-17,0.0792142857142857,0.0853,0.0775,0.0818218,445051859.1166215
2020-10-18,0.081762,0.0830299999999999,0.07914,0.0794353333333333,141043102.1024748
2020-10-19,0.079438,0.087782,0.0793799999999999,0.0851906666666666,429754297.06418073
2020-10-20,0.0851906666666666,0.08725,0.08,0.0808493999999999,300422110.1675151
2020-10-21,0.0807592,0.087,0.08035,0.0837088,354314384.90510947
2020-10-22,0.083698,0.088469,0.08357,0.085574,263376986.3197381
2020-10-23,0.085524,0.086498,0.08263,0.0837176666666666,158628998.45516786
2020-10-24,0.0837063333333333,0.0862909999999999,0.083179,0.0856235,128298928.56406868
2020-10-25,0.0856171666666666,0.08589,0.0815299999999999,0.083092,119589248.8355871
2020-10-26,0.0830666666666666,0.084586,0.07977,0.0811123333333333,192619904.63181424
2020-10-27,0.081068,0.083355,0.08091,0.0819072499999999,178578909.15876982
2020-10-28,0.0818615,0.0822519999999999,0.077292,0.0783399999999999,216417725.73791137
2020-10-29,0.0782984,0.07905,0.075366,0.077474,180773880.7964177
2020-10-30,0.0775446666666666,0.078667,0.074221,0.076717,170858366.8319755
2020-10-31,0.076733,0.079832,0.076514,0.07775525,144461187.78266978
2020-11-01,0.07748225,0.07872,0.07639,0.0785956,83140220.28623462
2020-11-02,0.0786159999999999,0.079519,0.07534,0.0756013333333333,139565405.09803227
2020-11-03,0.07557775,0.076298,0.073,0.0754316,134247233.78252313
2020-11-04,0.0754416666666666,0.078907,0.072568,0.0745813333333333,110711627.93729186
2020-11-05,0.07474775,0.0842,0.073312,0.0803928,240895872.20296457
2020-11-06,0.0804298,0.089694,0.08004,0.0839536666666666,272010785.06449366
2020-11-07,0.0839247499999999,0.09291,0.07792,0.0795635,347647884.42793924
2020-11-08,0.0795576,0.083998,0.0786299999999999,0.081689,137006560.3537202
2020-11-09,0.0816965,0.086946,0.07799,0.0812245,209608827.92857054
2020-11-10,0.0807696666666666,0.086268,0.073266,0.07967675,185808044.67184824
2020-11-11,0.0796853333333333,0.082499,0.07947,0.080539,141355760.74100813
2020-11-12,0.0804411999999999,0.08312,0.07894,0.08066,130316417.68876512
2020-11-13,0.0806525,0.084597,0.07989,0.0824935,141962987.23418307
2020-11-14,0.0824913333333333,0.0899659999999999,0.080481,0.0810142,160360841.7056962
2020-11-15,0.081161,0.083196,0.07851,0.0801592,116147959.7901008
2020-11-16,0.0801279999999999,0.08642,0.07923,0.0825385999999999,159706993.3624783
2020-11-17,0.0825283333333333,0.09,0.08233,0.0865211999999999,371544969.86221063
2020-11-18,0.086529,0.087071,0.081012,0.08365,276163226.1578855
2020-11-19,0.0837387999999999,0.0865,0.08144,0.0840053333333333,211336516.85128918
2020-11-20,0.0840263333333333,0.088699,0.083694,0.08857125,245867115.6132144
2020-11-21,0.0885533333333333,0.12,0.088374,0.109176,1159808994.2798493
2020-11-22,0.1091119999999999,0.1169849999999999,0.095915,0.1043203333333333,1176218606.0447083
2020-11-23,0.1043948333333333,0.135,0.1013,0.1322559999999999,1390886854.5602136
2020-11-24,0.1323838571428571,0.222156,0.13036,0.1957721428571428,4506010995.342603
2020-11-25,0.1958164285714285,0.236,0.181,0.1931761428571428,3626610342.8830996
2020-11-26,0.19286,0.205008,0.137425,0.1683323333333333,3143896069.7672057
2020-11-27,0.1684948571428571,0.20849,0.161767,0.2069132857142857,2414358082.913401
2020-11-28,0.2071877142857143,0.2231,0.19489,0.2002352,2060135410.4422064
2020-11-29,0.2001653333333333,0.203619,0.1869299999999999,0.19427525,956568467.1019526
2020-11-30,0.1943895714285714,0.2073,0.172994,0.2029464,1011132331.536813
2020-12-01,0.2030403333333333,0.20459,0.170229,0.1839211666666667,923036861.6722231
2020-12-02,0.1837705,0.18891,0.177128,0.1853097142857143,569735180.5304068
2020-12-03,0.1851176666666666,0.19007,0.17959,0.18434525,399375958.65871555
2020-12-04,0.1841938,0.1887,0.157872,0.1616385714285714,622757102.317139
2020-12-05,0.1615537142857142,0.176582,0.15895,0.17171675,372246537.6615222
2020-12-06,0.1717485999999999,0.180411,0.166948,0.1759838,379881804.2324378
2020-12-07,0.1761765,0.17654,0.1641109999999999,0.1680518,274705690.3555508
2020-12-08,0.16809075,0.168693,0.148204,0.15265625,472901235.87031883
2020-12-09,0.1524663333333333,0.175274,0.138931,0.1720499999999999,1105745490.1560314
2020-12-10,0.1721092857142857,0.1778,0.160001,0.1606568571428571,828787147.0262067
2020-12-11,0.160792,0.1648,0.15,0.150745,689867743.6696414
2020-12-12,0.1506865714285714,0.17,0.149142,0.1588696666666666,479388465.7071769
2020-12-13,0.1588116666666666,0.18,0.155489,0.1760575714285714,701239112.0617596
2020-12-14,0.1756781428571428,0.1786299999999999,0.166621,0.1701752,493747636.4850577
2020-12-15,0.1702476666666666,0.176966,0.16443,0.1661096,377996488.4971753
2020-12-16,0.16612075,0.195,0.159001,0.193513,959701370.0838294
2020-12-17,0.1933435714285714,0.209,0.17801,0.1863857142857143,1460580507.798457
2020-12-18,0.1864297142857142,0.190182,0.17681,0.185254,615359996.9960021
2020-12-19,0.1852963333333333,0.188551,0.17926,0.18152675,367853617.97716737
2020-12-20,0.1814488,0.1827099999999999,0.1735,0.1766789999999999,326017230.6761389
2020-12-21,0.17655425,0.1804,0.1587299999999999,0.1652925999999999,409386021.20747626
2020-12-22,0.1653638571428571,0.1703609999999999,0.1527599999999999,0.162071,608305949.366563
2020-12-23,0.162017,0.162205,0.10868,0.1268571428571428,1908475608.308992
2020-12-24,0.1265607142857142,0.167812,0.1228,0.158402,1946802080.6563237
2020-12-25,0.1585885714285714,0.16701,0.122,0.1523661999999999,875583076.9570152
2020-12-26,0.1523749999999999,0.155725,0.143698,0.14679975,502894829.0453584
2020-12-27,0.1465605714285714,0.15592,0.1341,0.1450993333333333,876076394.6462522
2020-12-28,0.145256,0.15509,0.1411,0.1444366,594012486.0462766
2020-12-29,0.144372,0.149166,0.127435,0.138157,912163215.7931037
2020-12-30,0.1382154285714285,0.13945,0.1228,0.1318066666666666,626422846.105443
2020-12-31,0.1318152,0.132769,0.12232,0.1276111666666666,545683527.1505072
2021-01-01,0.12766475,0.1403,0.12644,0.1322293333333333,568904091.3689752
2021-01-02,0.1322746666666666,0.13515,0.126612,0.1275746666666666,521374654.0801768
2021-01-03,0.1275542499999999,0.13927,0.12301,0.1364192857142857,909896527.0956038
2021-01-04,0.136627,0.168528,0.127348,0.1640753333333333,2119691486.1357033
2021-01-05,0.1642312857142857,0.2112,0.1467,0.1933275,2517546510.7311525
2021-01-06,0.1933524285714285,0.4399979999999999,0.19158,0.3434301428571428,6226105767.823141
2021-01-07,0.3443351428571429,0.488888,0.279413,0.312314,3517471183.5191145
2021-01-08,0.3126824285714286,0.33203,0.2598,0.297119,2164482781.1206517
2021-01-09,0.2972631428571429,0.33068,0.279977,0.3114596666666666,1279086655.2161033
2021-01-10,0.3119271428571428,0.326313,0.2555,0.2851888333333333,1154913222.1990566
2021-01-11,0.2847921428571429,0.28562,0.20611,0.2716494285714285,1963897684.4022882
2021-01-12,0.2714805714285714,0.33026,0.25284,0.2800871428571429,1877892720.1049705
2021-01-13,0.2794684285714285,0.31156,0.27136,0.303794,1073303499.0622486
2021-01-14,0.30389,0.324619,0.285648,0.3033741428571429,1084360855.1248517
2021-01-15,0.3034985714285714,0.313992,0.258578,0.2839466666666666,937020726.7115043
2021-01-16,0.2842404285714286,0.3119,0.2768,0.2908192000000001,828992828.8111547
2021-01-17,0.290664,0.32,0.286,0.3036112,997781497.1315309
2021-01-18,0.3039615714285714,0.30933,0.292561,0.3051608571428571,516106413.0249179
2021-01-19,0.3052031666666666,0.32099,0.29,0.297967,921164715.0442935
2021-01-20,0.2978938571428571,0.30218,0.27346,0.29351875,622288555.8052258
2021-01-21,0.2937918333333333,0.295149,0.24203,0.2512248571428571,692383425.4725842
2021-01-22,0.2515355714285714,0.282,0.2268219999999999,0.2697687142857142,899157529.9873765
2021-01-23,0.2696567142857143,0.27958,0.26,0.2699235,404352325.7293997
2021-01-24,0.2697832,0.28339,0.26158,0.2713665,411721162.6811216
2021-01-25,0.2714272,0.27773,0.25955,0.2610797142857143,380345326.42534596
2021-01-26,0.2609314285714286,0.265263,0.24836,0.2616506,320764095.44591075
2021-01-27,0.2615892857142857,0.262429,0.230048,0.2381955,400320776.66508555
2021-01-28,0.237832,0.30461,0.23195,0.2932487142857143,985734733.7099483
2021-01-29,0.2938261428571428,0.3839599999999999,0.2856,0.2935442857142857,3750137514.784152
2021-01-30,0.2935391428571428,0.365,0.279413,0.3283612857142857,2358039208.6031227
2021-01-31,0.3285252857142857,0.33978,0.2929,0.3071098333333333,1281998886.9224224
2021-02-01,0.3058493333333333,0.37,0.29236,0.3232477142857143,2208356164.6993628
2021-02-02,0.3233361428571429,0.35022,0.317,0.3397217142857142,1033599397.033449
2021-02-03,0.3398528571428572,0.349684,0.32902,0.346527,675492740.6778133
2021-02-04,0.3467247142857143,0.35001,0.312193,0.326098,784504450.0782576
2021-02-05,0.3263932857142857,0.3645199999999999,0.324808,0.3521163333333334,1086238291.037165
2021-02-06,0.3520352857142858,0.401632,0.33155,0.3778061428571429,1238822725.1083071
2021-02-07,0.3783385714285714,0.42367,0.359073,0.3856558333333333,2304606578.299296
2021-02-08,0.3858554285714285,0.40497,0.373021,0.3971507142857143,965650285.3310311
2021-02-09,0.397468,0.40646,0.382168,0.4002018333333333,661048444.8003465
2021-02-10,0.4005924285714285,0.447418,0.32,0.4150251428571429,1416847495.5836132
2021-02-11,0.4149998571428571,0.4702560000000001,0.410296,0.4563582000000001,1200749948.312328
2021-02-12,0.4568149999999999,0.5464899999999999,0.4362,0.5295505714285714,1337315647.0173097
2021-02-13,0.5296662857142858,0.608378,0.499964,0.5648578571428572,1818840891.5119793
2021-02-14,0.5653794285714285,0.5785710000000001,0.491677,0.5158944285714285,889464988.2488254
2021-02-15,0.5164608571428572,0.544402,0.410842,0.4944267142857143,1281790664.5489938
2021-02-16,0.4948861666666667,0.518,0.4646399999999999,0.4854633333333334,659353955.7322829
2021-02-17,0.4855430000000001,0.51,0.4550300000000001,0.4973471428571428,548353168.6853778
2021-02-18,0.497824,0.51632,0.482,0.4965191666666667,477014498.28212184
2021-02-19,0.4967415714285714,0.52279,0.482027,0.5130107142857142,549770618.3625071
2021-02-20,0.513618,0.533359,0.451453,0.4862634285714286,765717708.3685633
2021-02-21,0.4863584285714285,0.5087,0.4696899999999999,0.4962439999999999,442032342.10105526
2021-02-22,0.4965845714285715,0.529204,0.3223,0.4635581666666666,1257076964.1781063
2021-02-23,0.4634426666666666,0.465217,0.311,0.3866611428571429,1663457584.1132772
2021-02-24,0.3866636666666667,0.4344,0.3676239999999999,0.4052593333333333,780139052.9759855
2021-02-25,0.4050160000000001,0.42641,0.37638,0.3803691666666667,529415184.59245396
2021-02-26,0.3804205,0.401713,0.3542599999999999,0.4002557142857142,642400888.553451
2021-02-27,0.4008341428571429,0.47216,0.39852,0.4386071428571429,1153265158.50024
2021-02-28,0.4386078333333333,0.4506,0.38,0.4059035,729284850.1210268
2021-03-01,0.4078105999999999,0.45,0.40001,0.4309068333333333,544207109.7338597
2021-03-02,0.4309858571428572,0.436439,0.39655,0.418881,553942482.0343547
2021-03-03,0.4182672,0.43876,0.41188,0.4206621999999999,448714953.7118942
2021-03-04,0.4203753333333333,0.4285,0.40119,0.412028,403127473.80189455
2021-03-05,0.4118576666666667,0.4129489999999999,0.38,0.4050434285714285,334300832.4127901
2021-03-06,0.4051990000000001,0.40913,0.39204,0.40149725,231115058.09192547
2021-03-07,0.4017397142857143,0.42238,0.401281,0.4126964285714286,325024383.0083572
2021-03-08,0.4126656666666666,0.421774,0.40257,0.4182532,340603251.4994862
2021-03-09,0.4185608333333333,0.434975,0.4127399999999999,0.4320580000000001,448546958.9018693
2021-03-10,0.4321974285714285,0.43358,0.405516,0.4090533333333333,405366624.79502547
2021-03-11,0.4095054285714286,0.4136220000000001,0.39558,0.4055416666666667,355280429.70817965
2021-03-12,0.4058205714285714,0.40744,0.377354,0.3865876,408701028.4405
2021-03-13,0.3867622,0.4120399999999999,0.3754,0.4069172,466944734.9815354
2021-03-14,0.4068325,0.4088699999999999,0.3875389999999999,0.3885805714285713,313474070.4903082
2021-03-15,0.3885105714285713,0.3992469999999999,0.36711,0.3839618333333334,423397806.70032936
2021-03-16,0.3843747142857143,0.41331,0.372551,0.395454,579253215.7631006
2021-03-17,0.3957611428571429,0.405489,0.38475,0.4026121666666666,357476090.31819785
2021-03-18,0.4027707142857143,0.40951,0.39321,0.3945154,341876023.04980505
2021-03-19,0.3944445714285714,0.40248,0.3875,0.3949332857142857,304728815.67338645
2021-03-20,0.394909,0.43838,0.392025,0.4155932857142857,705276189.4355216
2021-03-21,0.4157831428571429,0.42372,0.39183,0.4035334285714285,515651723.78876686
2021-03-22,0.403586,0.426633,0.39,0.3925703333333333,610284641.2692044
2021-03-23,0.3925627142857143,0.4087,0.38718,0.3952761428571429,394326821.1986976
2021-03-24,0.3949397142857142,0.4031099999999999,0.34611,0.3618184285714286,422986867.30137885
2021-03-25,0.3616408571428571,0.37063,0.340001,0.361315,540106947.9021491
2021-03-26,0.3614991666666666,0.387332,0.36033,0.38456325,342941687.0110238
2021-03-27,0.3845726666666667,0.393044,0.369101,0.3819722,270193290.69481725
2021-03-28,0.3820747142857143,0.41379,0.37775,0.3974218333333333,599331021.1556987
2021-03-29,0.3974868571428572,0.413375,0.3897219999999999,0.4043469999999999,363970666.8647775
2021-03-30,0.4044608571428571,0.41375,0.397646,0.4009354,309502690.68094176
2021-03-31,0.4008476,0.40701,0.37417,0.4056871666666666,400075242.41238886
2021-04-01,0.408070857142857,0.4305,0.400303,0.4238935714285715,559686753.7005695
2021-04-02,0.4243068571428572,0.468686,0.423763,0.4391408571428571,892834906.3661103
2021-04-03,0.4392031428571429,0.45847,0.404882,0.408422,591654000.0408131
2021-04-04,0.4080662857142857,0.43475,0.40065,0.4284678333333334,388271081.80588025
2021-04-05,0.4286768571428571,0.549999,0.421888,0.5368014285714285,1608143509.3661633
2021-04-06,0.5371535714285715,0.58,0.4773699999999999,0.5412081428571429,1590409462.6340804
2021-04-07,0.5417215714285716,0.546999,0.451877,0.4758041428571428,1001282538.9325867
2021-04-08,0.476017,0.505263,0.4666399999999999,0.504788,550568417.9630318
2021-04-09,0.5049739999999999,0.5089899999999999,0.4764199999999999,0.4858648,412529585.8410232
2021-04-10,0.4860228571428572,0.596809,0.48176,0.561862,1470994772.2338467
2021-04-11,0.5621891428571428,0.6574800000000001,0.554363,0.5842582857142856,2347135477.5193334
2021-04-12,0.5841562857142858,0.608,0.564915,0.5905816666666667,815630086.3517292
2021-04-13,0.590654,0.684,0.57019,0.6565575,1519242184.0327039
2021-04-14,0.6573274285714286,0.691,0.582149,0.6355786,1222380597.6212337
2021-04-15,0.6353221428571428,0.6502100000000001,0.61057,0.6397778333333334,605706324.9174306
2021-04-16,0.6400251428571428,0.6547850000000001,0.5622780000000001,0.610008,797316188.2361643
2021-04-17,0.6103842857142857,0.64479,0.586675,0.5917344285714286,511095420.7379234
2021-04-18,0.5916097142857143,0.6014010000000001,0.42394,0.5450991666666667,1114802105.117586
2021-04-19,0.545772,0.566872,0.483502,0.4996477142857143,692040408.9024391
2021-04-20,0.5002738571428571,0.531615,0.4679999999999999,0.5293888571428571,699584484.4637299
2021-04-21,0.5289592857142857,0.5387,0.4840399999999999,0.4892915714285714,539882700.0430504
2021-04-22,0.4895252857142857,0.515,0.441328,0.4499768,720452967.6998571
2021-04-23,0.4499134285714286,0.459189,0.353194,0.4506468333333333,1162948789.2172084
2021-04-24,0.4505923333333333,0.461841,0.41202,0.425343,551818388.5166705
2021-04-25,0.4257321666666667,0.4453399999999999,0.40031,0.4163904000000001,435526795.3845236
2021-04-26,0.4165367142857143,0.487159,0.413862,0.486059,629665334.3640188
2021-04-27,0.4859235714285714,0.523,0.476066,0.5099742857142856,524816149.7153922
2021-04-28,0.5100256666666666,0.522,0.474037,0.4974066,483151989.5082118
2021-04-29,0.497435,0.50888,0.476,0.4916070000000001,363088940.45977193
2021-04-30,0.4916148000000001,0.5414800000000001,0.48477,0.5299728333333333,616522162.1121536
2021-05-01,0.5290095,0.540574,0.5103,0.5399951428571429,347205087.1030709
2021-05-02,0.5400505714285714,0.560585,0.51217,0.5556674285714286,514012150.47650313
2021-05-03,0.5562191428571428,0.58,0.5394,0.5509802857142857,506847644.2169263
2021-05-04,0.5506967142857143,0.5515,0.493425,0.5024141666666666,712857000.4413712
2021-05-05,0.5016927142857143,0.606468,0.49562,0.6050837142857143,1109414893.1954858
2021-05-06,0.6051340000000002,0.69,0.59428,0.6513348333333334,1892421169.1122546
2021-05-07,0.6508716666666667,0.6890000000000001,0.604263,0.6307755,992846735.4518976
2021-05-08,0.6308031428571429,0.649638,0.60377,0.6148385714285715,475073139.7745964
2021-05-09,0.6148886666666666,0.634161,0.57476,0.6282471666666667,707795915.2912673
2021-05-10,0.6283635000000001,0.78036,0.6,0.6577124285714285,2407352301.9451733
2021-05-11,0.6572292857142857,0.74321,0.619326,0.7347518571428572,1472574220.6918156
2021-05-12,0.7352594285714286,0.745,0.577762,0.5915377142857144,1094011036.8886812
2021-05-13,0.5923807142857143,0.6715,0.53871,0.6527165714285713,1518499696.1449392
2021-05-14,0.6536898571428572,0.7085199999999999,0.63263,0.6689955714285716,977341538.5932328
2021-05-15,0.6691125000000001,0.745,0.6483899999999999,0.6812112857142857,1420764682.8628647
2021-05-16,0.6814641428571429,0.799,0.65,0.7114397142857143,1707905005.56798
2021-05-17,0.7111528571428573,0.7138800000000001,0.6189399999999999,0.6434615714285714,1263754576.909424
2021-05-18,0.6437531428571429,0.7005399999999999,0.6299899999999999,0.6457424285714286,877955911.71099
2021-05-19,0.6462867142857143,0.656197,0.26,0.4453325714285714,2394125646.361597
2021-05-20,0.4458731428571429,0.53564,0.392675,0.4954118571428573,1330095814.0849216
2021-05-21,0.4952292857142857,0.513205,0.37014,0.41893,1153552026.2908602
2021-05-22,0.4189091666666667,0.422699,0.36417,0.389306,804643126.7836738
2021-05-23,0.3889404285714286,0.40233,0.27335,0.3632494285714285,1291667228.896042
2021-05-24,0.363127,0.45098,0.35874,0.4395315714285715,1470354915.4001129
2021-05-25,0.4393806666666665,0.461491,0.4062199999999999,0.4292087142857143,995673449.1144931
2021-05-26,0.4294497142857143,0.4707399999999999,0.42031,0.4435908571428572,826787466.212235
2021-05-27,0.4434838571428572,0.447255,0.40888,0.420399,597019951.2526851
2021-05-28,0.4206440000000001,0.426759,0.36408,0.3989888,800485796.9116398
2021-05-29,0.3991465714285714,0.40997,0.343219,0.3671334,692066966.480403
2021-05-30,0.3672741666666666,0.399111,0.34503,0.3746788,570208580.3461696
2021-05-31,0.3738984285714286,0.41,0.3651,0.4024905,625010361.3968645
2021-06-01,0.4004835,0.450363,0.38333,0.41848475,881568361.5820194
2021-06-02,0.4188534285714285,0.435634,0.4047219999999999,0.4187915,456763898.494234
2021-06-03,0.4186234000000001,0.4341399999999999,0.411622,0.42518325,380180431.08748084
2021-06-04,0.425189,0.425494,0.368166,0.3846236666666667,493627583.93363285
2021-06-05,0.3847295714285714,0.406073,0.36299,0.37495325,415142995.49999624
2021-06-06,0.3745115714285713,0.388665,0.37137,0.3803495000000001,216780321.90581682
2021-06-07,0.3803697142857143,0.392306,0.3423,0.3464234,340116268.3825557
2021-06-08,0.3459054285714285,0.356925,0.3085699999999999,0.3494708333333333,520555175.0170515
2021-06-09,0.3493942857142857,0.36585,0.32436,0.3652462857142857,418321035.1809645
2021-06-10,0.3653892,0.367661,0.33102,0.3386376,309859612.18761545
2021-06-11,0.3386867142857143,0.343033,0.31394,0.3182562,300235905.1988119
2021-06-12,0.3179262857142858,0.344,0.29933,0.3279524,381013155.727824
2021-06-13,0.3279726666666667,0.34909,0.31082,0.3447822,293911560.0606744
2021-06-14,0.3451075,0.35,0.32693,0.3431535,337551447.83794576
2021-06-15,0.3431343333333334,0.35256,0.329598,0.333667,310536633.2204777
2021-06-16,0.3335128333333333,0.342117,0.313267,0.317625,335415868.5352344
2021-06-17,0.3175253333333334,0.3303,0.30976,0.3173991666666667,218816664.15617797
2021-06-18,0.3174608,0.31868,0.284457,0.297139,328014041.4662419
2021-06-19,0.2972142,0.3066,0.28848,0.2887828,195897420.2229402
2021-06-20,0.2886795,0.29925,0.26929,0.297377,298201325.6336324
2021-06-21,0.2978018571428572,0.302698,0.2350739999999999,0.2362192857142857,614437393.144542
2021-06-22,0.2362005714285714,0.2595699999999999,0.198732,0.2351585714285714,845400085.060697
2021-06-23,0.2348957142857143,0.270099,0.22433,0.2555896000000001,493222381.05800873
2021-06-24,0.2557552857142857,0.273419,0.2429619999999999,0.2686755,342915723.1119719
2021-06-25,0.2689337142857143,0.274461,0.24034,0.2409548333333333,371460044.51446676
2021-06-26,0.2406621428571428,0.24966,0.22815,0.2493369999999999,293184965.6974619
2021-06-27,0.2496728571428571,0.25987,0.239088,0.2595636666666667,314183074.6267618
2021-06-28,0.259802,0.2696389999999999,0.25575,0.2635221666666667,275219351.43282384
2021-06-29,0.2636407142857143,0.293838,0.26237,0.2829251666666667,382335713.25247186
2021-06-30,0.2831082857142857,0.286181,0.26591,0.2841222857142857,281031468.73293453
2021-07-01,0.2824441428571429,0.28294,0.2595,0.2689002,257644173.53877032
2021-07-02,0.2687641428571429,0.273495,0.252144,0.2629062,206845691.79088426
2021-07-03,0.263038,0.27008,0.258899,0.2638295,183682449.12458715
2021-07-04,0.263798,0.27235,0.258402,0.2681325,171247432.06562442
2021-07-05,0.2676848333333333,0.26804,0.25023,0.2534324,213960336.78460974
2021-07-06,0.253405,0.267966,0.25225,0.2603248333333333,222899743.07113624
2021-07-07,0.2603945,0.265849,0.2555699999999999,0.2566202,213406935.7790275
2021-07-08,0.2564914,0.25776,0.238677,0.2427701666666666,269330746.9013372
2021-07-09,0.2428534,0.249385,0.23242,0.2455482,246753137.49233258
2021-07-10,0.245676,0.25295,0.238197,0.2448426,153725410.6664332
2021-07-11,0.245024,0.24808,0.24011,0.24595425,129734409.3880616
2021-07-12,0.2460235,0.252238,0.23554,0.2384168571428571,194746400.73523793
2021-07-13,0.23832075,0.2423199999999999,0.2269999999999999,0.23224625,208000630.3209702
2021-07-14,0.232228,0.244934,0.218766,0.2399621666666667,273974161.14856374
2021-07-15,0.23997075,0.24343,0.225906,0.2407476666666667,257730757.94447932
2021-07-16,0.2407994285714285,0.258,0.232979,0.2351532857142857,543898393.8445951
2021-07-17,0.2352325,0.2385699999999999,0.2274199999999999,0.2325571666666667,247528117.04239985
2021-07-18,0.232602,0.240588,0.226032,0.2297635,182320184.9665741
2021-07-19,0.2297823333333333,0.231192,0.20456,0.2113208571428571,238339150.3084845
2021-07-20,0.2113516666666667,0.215669,0.198421,0.2119825,357559697.15357393
2021-07-21,0.211986,0.2301079999999999,0.2068199999999999,0.2281848,312188572.1920195
2021-07-22,0.2282804,0.268,0.223607,0.2635626,718339836.1675026
2021-07-23,0.2637311999999999,0.278,0.24859,0.2690671428571428,558436679.4492829
2021-07-24,0.269283,0.272715,0.26074,0.267127,284861508.7067622
2021-07-25,0.2670464,0.2676,0.25335,0.2616628,204634596.2047888
2021-07-26,0.2616982,0.28459,0.256602,0.2605031428571429,506403388.31510806
2021-07-27,0.2604014999999999,0.2702989999999999,0.2510699999999999,0.2631078333333334,306920972.09768856
2021-07-28,0.263094,0.28223,0.25778,0.2700185714285714,426389332.2092847
2021-07-29,0.2700642857142857,0.27505,0.261776,0.2723366,224821130.7402303
2021-07-30,0.2726327142857143,0.28539,0.26213,0.2795213333333333,332283944.037411
2021-07-31,0.2796392857142857,0.29,0.2731,0.2843142857142857,312670396.78134155
2021-08-01,0.285162,0.30114,0.272,0.2752191666666666,401767724.0119742
2021-08-02,0.275167,0.286563,0.2682,0.274365,355451353.2416176
2021-08-03,0.2742289999999999,0.27897,0.2640699999999999,0.274075,254047262.09870452
2021-08-04,0.2741596666666667,0.28406,0.264623,0.2804346666666667,290664716.50200105
2021-08-05,0.2806648333333333,0.282921,0.26492,0.2802305999999999,358979473.5733957
2021-08-06,0.2802245,0.28631,0.274122,0.2850455,344012932.89021754
2021-08-07,0.285258,0.31184,0.28169,0.3074318333333333,496499572.1584041
2021-08-08,0.3072063333333333,0.31382,0.28552,0.2871305999999999,305640058.60982984
2021-08-09,0.2873245714285714,0.306704,0.27953,0.2986221999999999,338564279.2020578
2021-08-10,0.298583,0.315036,0.29514,0.3100993333333333,381135521.84445953
2021-08-11,0.3100668,0.3528239999999999,0.30945,0.33725025,640434247.7454455
2021-08-12,0.3372994285714286,0.353207,0.314721,0.3285385,581293844.3833103
2021-08-13,0.3286112,0.36516,0.323682,0.3600248,522455551.69192135
2021-08-14,0.3599865,0.4,0.349999,0.3952078333333333,633936203.1766651
2021-08-15,0.3951454285714286,0.403382,0.369317,0.3912138571428572,487512928.47050196
2021-08-16,0.3912182857142857,0.41006,0.366559,0.3717892857142857,496087425.54567915
2021-08-17,0.3717234285714285,0.384084,0.338201,0.3412186,474641192.309753
2021-08-18,0.341111,0.359667,0.32364,0.3417962857142857,452987719.38172394
2021-08-19,0.3420521428571429,0.368702,0.3311199999999999,0.3671596666666667,425471878.4151463
2021-08-20,0.3672004285714286,0.38795,0.36,0.3849763333333333,382183904.3009967
2021-08-21,0.3848863333333334,0.385061,0.366778,0.3716368,236566724.47576755
2021-08-22,0.3717928571428571,0.38968,0.35859,0.3726303333333333,313155327.8089369
2021-08-23,0.3724898333333333,0.38785,0.37,0.3787780000000001,385468789.15849155
2021-08-24,0.3785936666666666,0.380604,0.349776,0.3506036666666666,321492702.0953641
2021-08-25,0.3504114285714285,0.360009,0.34145,0.3588991666666667,337818322.01717204
2021-08-26,0.3589422857142857,0.36351,0.330001,0.3349691428571428,331712224.65603495
2021-08-27,0.3352251428571428,0.357649,0.3282,0.3572554,313246097.56860584
2021-08-28,0.3571336,0.36,0.3418,0.34769675,212294361.4452151
2021-08-29,0.347681,0.35565,0.3406,0.3432005,218630201.22898144
2021-08-30,0.3431894,0.3462699999999999,0.32824,0.3298107142857143,284169393.1423465
2021-08-31,0.329773,0.356929,0.3269,0.3393417142857143,396129932.4466308
2021-09-01,0.3387708333333333,0.3563199999999999,0.3356,0.3535618,326045971.5084315
2021-09-02,0.3535046666666666,0.36777,0.3516,0.3593647142857143,396462167.57169396
2021-09-03,0.3591833333333333,0.3779999999999999,0.351353,0.36881075,389156408.0503527
2021-09-04,0.3686886666666666,0.3849,0.3647,0.3697585714285713,344228106.2561041
2021-09-05,0.3699121666666667,0.398597,0.368,0.3978692,398186537.44565153
2021-09-06,0.3977623333333333,0.4320000000000001,0.3893,0.4238705,762751326.2625961
2021-09-07,0.423981,0.424458,0.270001,0.3354917142857143,1296827727.6649415
2021-09-08,0.3357418571428571,0.343244,0.3009,0.3298015714285714,712835819.3589404
2021-09-09,0.3299278571428572,0.341921,0.3235,0.3326228571428572,458885532.84389096
2021-09-10,0.3324885714285714,0.361014,0.3107,0.3168965,589448885.5629532
2021-09-11,0.316877,0.33287,0.31517,0.3251039999999999,313517677.37916243
2021-09-12,0.3250852,0.3394,0.3144,0.3325072857142857,271175763.2975065
2021-09-13,0.3324171428571429,0.336557,0.3095,0.31864,388156873.4141041
2021-09-14,0.3186768,0.3317,0.315975,0.33143,264877870.79578158
2021-09-15,0.3313831666666667,0.341941,0.326839,0.341009,262280379.12749764
2021-09-16,0.3411013333333333,0.3424,0.3233,0.3307848,389189406.14406693
2021-09-17,0.3307288333333333,0.33314,0.3146,0.3194268,368189918.9565791
2021-09-18,0.3195988571428572,0.32806,0.314772,0.3222358333333333,191382267.54842022
2021-09-19,0.32202425,0.3249,0.31001,0.3134248000000001,164158695.63385645
2021-09-20,0.3135475714285714,0.3147,0.2698,0.2820775,613423034.7307283
2021-09-21,0.2821684285714286,0.282438,0.281842,0.2820505714285714,182850.81394858
